Country Name,Country Code,Indicator Name,Indicator Code,1960,1961,1962,1963,1964,1965,1966,1967,1968,1969,1970,1971,1972,1973,1974,1975,1976,1977,1978,1979,1980,1981,1982,1983,1984,1985,1986,1987,1988,1989,1990,1991,1992,1993,1994,1995,1996,1997,1998,1999,2000,2001,2002,2003,2004,2005,2006,2007,2008,2009,2010,2011,2012,2013,2014,2015,2016,2017,2018,2019,2020,2021,2022,2023,2024
Aruba,ABW,Population ages 65 and above (% of total population),SP.POP.65UP.TO.ZS,2.855868322,2.870714395,2.902166193,2.949045201,3.021572745,3.119092628,3.238804317,3.391224011,3.575449259,3.790726817,4.02541115,4.26416924,4.503739675,4.733702922,4.956588271,5.170811922,5.400597346,5.645331729,5.858811711,6.02866098,6.177565725,6.357402114,6.592766392,6.809410982,6.960035923,7.082773733,7.217685845,7.392600303,7.565245596,7.548509229,7.214470846,6.626542236,6.254219693,6.217682193,6.234855291,6.281119102,6.336484799,6.417488117,6.517898707,6.624726066,6.778276618,7.016222801,7.282894773,7.551727873,7.842295829,8.131168418,8.396362397,8.642985081,8.903475811,9.18298822,9.489229724,9.850863034,10.25957244,10.69351339,11.1519021,11.64040716,12.16319843,12.71676574,13.31084636,13.94196645,14.57674778,15.12951152,15.70020968,16.36904348,
Africa Eastern and Southern,AFE,Population ages 65 and above (% of total population),SP.POP.65UP.TO.ZS,2.985947084,2.96813838,2.951534084,2.937356355,2.926485413,2.919099692,2.914575638,2.913428875,2.91517141,2.91787916,2.920922884,2.924104829,2.927083367,2.929483909,2.932080532,2.935203364,2.939239101,2.944774286,2.952407231,2.961773177,2.966734781,2.969447366,2.974209656,2.976714039,2.980016416,2.98392823,2.985365041,2.993392538,2.997418533,2.990470293,2.982208998,2.977071989,2.976370209,2.968785995,2.965025099,2.966899608,2.969633119,2.973790932,2.973190753,2.973506299,2.975838787,2.977821846,2.978331244,2.97732172,2.975262986,2.972817511,2.969266259,2.964618849,2.957792745,2.950650632,2.948241908,2.951663664,2.962178526,2.97806605,2.998143998,3.020980063,3.044976799,3.074828314,3.113922348,3.157141942,3.192169102,3.216572769,3.246111381,3.286462923,
Afghanistan,AFG,Population ages 65 and above (% of total population),SP.POP.65UP.TO.ZS,2.823362168,2.809357155,2.79283455,2.775057117,2.757792238,2.741672648,2.726755594,2.713241123,2.700252112,2.686339411,2.671378158,2.655643413,2.63907561,2.622594285,2.607456104,2.594032357,2.582173411,2.571739466,2.559170627,2.540022688,2.516938718,2.493444861,2.460815195,2.423346182,2.374595534,2.316114709,2.276977464,2.255835918,2.244118828,2.242858567,2.242716464,2.242059914,2.242191386,2.247086495,2.254240554,2.259452811,2.263108597,2.264876044,2.264063684,2.262801068,2.26197021,2.261948116,2.263973951,2.266752691,2.26864675,2.269749347,2.271780023,2.27621524,2.283569202,2.293543636,2.306614901,2.322140455,2.337911339,2.349769014,2.356535665,2.356695063,2.355497361,2.359737022,2.367120477,2.376153383,2.370733824,2.352549519,2.355142367,2.377537528,
Africa Western and Central,AFW,Population ages 65 and above (% of total population),SP.POP.65UP.TO.ZS,3.315969912,3.325195741,3.343164947,3.358124468,3.367923608,3.371672922,3.370221753,3.363442005,3.354895683,3.346469951,3.334315339,3.315549056,3.296643895,3.282897984,3.271491847,3.261413475,3.251702892,3.246633919,3.246631379,3.247170017,3.239858288,3.226475453,3.220020271,3.221029942,3.219842353,3.214266267,3.208012708,3.200503819,3.191479001,3.18134206,3.171419006,3.160171563,3.146889798,3.13387129,3.12053447,3.106481359,3.09255736,3.078626,3.064203796,3.049396778,3.034749464,3.021158114,3.010420003,3.001332681,2.991616249,2.981420098,2.971573944,2.963051914,2.958535101,2.955998717,2.953771184,2.952036693,2.948626144,2.940205521,2.924323974,2.910265408,2.903209401,2.900339854,2.902687891,2.910184961,2.916504061,2.923993205,2.939791791,2.962248384,
Angola,AGO,Population ages 65 and above (% of total population),SP.POP.65UP.TO.ZS,3.155589036,3.161517686,3.157381918,3.145912224,3.127208128,3.101549969,3.068959657,3.030323441,2.987357128,2.941824545,2.88610317,2.822335524,2.759681824,2.698235024,2.639253197,2.58162182,2.525342368,2.473363174,2.426672391,2.384867635,2.348143808,2.316756814,2.29103694,2.268869284,2.250173524,2.237476493,2.231156632,2.227406878,2.228482783,2.239156575,2.257757469,2.286920183,2.32237747,2.361914892,2.409133385,2.460426731,2.512128137,2.561803769,2.605012609,2.642243594,2.673862403,2.699533639,2.719974455,2.7361284,2.74685151,2.749891589,2.747993171,2.743500795,2.738347223,2.733391439,2.729902457,2.728259601,2.726267063,2.719033602,2.704494436,2.691281115,2.685013948,2.685241684,2.693038712,2.707977983,2.725608767,2.744704116,2.77333856,2.811449368,
Albania,ALB,Population ages 65 and above (% of total population),SP.POP.65UP.TO.ZS,5.486614118,5.372145653,5.246818177,5.150018004,5.074285553,5.01453826,4.967835349,4.931938708,4.907409511,4.892295034,4.882452225,4.878518581,4.887178879,4.912983847,4.948839314,4.996437677,5.055883501,5.124815929,5.19612165,5.205407878,5.166197756,5.129222807,5.093298606,5.070082922,5.067727772,5.126160619,5.203371364,5.246426579,5.270456554,5.297153838,5.379067385,5.50141237,5.648299879,5.827142362,6.022586036,6.233292119,6.439424983,6.638315897,6.850682955,7.08329106,7.330691321,7.605790892,7.914429442,8.240965015,8.586008618,8.959078513,9.360322026,9.774596272,10.18054044,10.56338563,10.92005505,11.2281831,11.50931408,11.82013518,12.16676921,12.54310654,12.92021216,13.30539111,13.73952183,14.24809866,14.76700441,15.26600507,15.77633816,16.30200007,
Andorra,AND,Population ages 65 and above (% of total population),SP.POP.65UP.TO.ZS,6.997896951,6.515925115,6.102291178,5.732270248,5.355114193,5.064544521,4.915903186,4.858874787,4.870167676,4.928590676,4.990864266,5.048620666,5.120442567,5.191045141,5.260337932,5.377428124,5.530736695,5.706338232,5.895830151,6.11409083,6.388776323,6.692494989,6.938048988,7.144177791,7.380597545,7.711439948,8.0125507,8.37303003,8.839242351,9.327433104,9.654543035,9.541624388,9.569846926,9.859811607,10.16212033,10.57391413,11.00587647,11.35557462,11.63631914,11.94119572,12.32168684,12.77106238,13.16648122,12.97824726,12.31819711,11.91609457,11.82815965,11.9165827,12.16786734,12.55125882,12.74378609,12.69107646,12.67863186,12.75043721,12.86057203,12.92579686,13.01787854,13.19844094,13.48620313,13.82570433,14.2168519,14.59799524,14.968948,15.41815079,
Arab World,ARB,Population ages 65 and above (% of total population),SP.POP.65UP.TO.ZS,3.479101866,3.501129705,3.53202632,3.556882023,3.575822863,3.589893409,3.591709224,3.582479203,3.57151259,3.558241731,3.542786737,3.52591088,3.508101667,3.486315589,3.462814833,3.442231377,3.421055507,3.395121169,3.364172013,3.332327413,3.302700441,3.277011469,3.255041006,3.237184907,3.226626296,3.221632241,3.222089745,3.227524072,3.23472004,3.244374545,3.24838003,3.264352872,3.288173718,3.321088105,3.355059717,3.392010257,3.433628747,3.476909407,3.513522977,3.542805349,3.565682632,3.583627254,3.600667147,3.615555271,3.624911879,3.628796473,3.6288236,3.624514815,3.62210128,3.626252206,3.64403455,3.668390833,3.701603029,3.739347744,3.782638215,3.830595797,3.894462748,3.980061564,4.081816802,4.1863553,4.270910792,4.339113743,4.410690327,4.5195366,
United Arab Emirates,ARE,Population ages 65 and above (% of total population),SP.POP.65UP.TO.ZS,2.349344612,2.244381799,2.143556911,2.047815204,1.956892017,1.871594551,1.793633048,1.7278798,1.636532767,1.544271051,1.498941667,1.494954138,1.519946703,1.572186889,1.657171073,1.778002106,1.756145006,1.600866787,1.455687443,1.318570345,1.19769617,1.145560097,1.145434125,1.143239466,1.139360304,1.135631715,1.11760188,1.088077833,1.063094754,1.042852462,1.027409889,1.016532482,1.009797941,1.005965771,1.002603742,0.997776899,1.013257036,1.056573423,1.115684125,1.189647671,1.275097676,1.367040763,1.461107969,1.556950972,1.659021167,1.774356402,1.825377812,1.700812737,1.554905866,1.472836525,1.421942034,1.431434059,1.467590515,1.483226115,1.496568875,1.504628496,1.485221861,1.478884168,1.501096089,1.527989232,1.564090857,1.619233045,1.639739129,1.69563171,
Argentina,ARG,Population ages 65 and above (% of total population),SP.POP.65UP.TO.ZS,5.275503414,5.42204012,5.566557631,5.706770306,5.845583124,5.985927635,6.131956853,6.276432286,6.410661451,6.530236813,6.650359131,6.773372269,6.887418476,6.993486586,7.099717668,7.211628459,7.324801274,7.440362178,7.556159144,7.66044486,7.746218606,7.825273006,7.893193747,7.946106355,7.996176083,8.062068126,8.151712418,8.253956876,8.366725894,8.489521287,8.610601186,8.737301572,8.874149494,9.002856332,9.126194334,9.240198608,9.342235133,9.441159967,9.52582365,9.594824056,9.659777357,9.725315537,9.790735571,9.844634182,9.897089765,9.965225481,10.04471367,10.11645045,10.19380545,10.29625603,10.40210318,10.51609404,10.64233466,10.76715738,10.89414213,11.03152167,11.16881432,11.30712476,11.46365152,11.63253919,11.79343399,11.91862078,12.03408001,12.2030218,
Armenia,ARM,Population ages 65 and above (% of total population),SP.POP.65UP.TO.ZS,5.692236701,5.403987789,5.156302013,4.954443603,4.806555996,4.712052315,4.66888245,4.675618523,4.720065188,4.787770778,4.874592655,4.968468671,5.057742711,5.145407748,5.235022493,5.320848793,5.36485621,5.352582671,5.303526795,5.282147824,5.271278539,5.197508347,5.097997435,5.016529643,4.937809869,4.858236577,4.80131478,4.785520291,4.815856339,4.898724986,5.06775165,5.31745295,5.752546676,6.351516977,6.93653945,7.456687008,7.883283052,8.279869722,8.600093941,8.84964288,9.146608434,9.552776039,10.0057435,10.42880175,10.80835628,11.11658286,11.30354133,11.31290677,11.15301065,10.91455437,10.72475724,10.64489242,10.66015632,10.70838571,10.77672903,10.92381411,11.14486556,11.41717555,11.71168927,12.04533171,12.34328153,12.60019472,12.91515823,13.21104589,
American Samoa,ASM,Population ages 65 and above (% of total population),SP.POP.65UP.TO.ZS,2.637526388,2.579177857,2.509625317,2.458288758,2.447845455,2.467368781,2.481821383,2.505681018,2.516202077,2.494834025,2.477289967,2.466131551,2.457537819,2.461625024,2.495238095,2.543425373,2.596882406,2.655548639,2.735273769,2.821802537,2.879407453,2.904613736,2.929044086,2.977585399,3.015902514,3.043205851,3.06746198,3.101825442,3.149145936,3.198645748,3.250428816,3.29351322,3.321879748,3.339380769,3.34530058,3.339322578,3.318432718,3.281704132,3.250291415,3.234781681,3.277664917,3.38717169,3.506742725,3.61853942,3.712731881,3.782432838,3.837728051,3.882344555,3.920971555,3.952960668,4.045918321,4.224389977,4.431169594,4.663370737,4.906856694,5.142025039,5.376642517,5.613926259,5.85069291,6.083570675,6.36536278,6.719146775,7.103627318,7.550346163,
Antigua and Barbuda,ATG,Population ages 65 and above (% of total population),SP.POP.65UP.TO.ZS,3.851410895,3.971524584,4.153622101,4.361175135,4.542489474,4.674837419,4.768512057,4.820699414,4.834498241,4.822231624,4.911859285,5.136801125,5.404317883,5.704671909,6.020278339,6.338601795,6.651297011,6.947739284,7.230025688,7.498366369,7.756636311,8.010577674,8.26811762,8.516339668,8.720379147,8.882816491,9.005624139,9.078753949,9.107627019,9.088755715,9.021429761,8.90245634,8.719887585,8.508545901,8.308336762,8.114271468,7.906021275,7.710441501,7.551182462,7.434179715,7.36063648,7.31309732,7.271653339,7.218427405,7.162138987,7.107730764,7.062924917,7.040658964,7.038788113,7.06461692,7.153614899,7.297409999,7.465046986,7.646668067,7.851067425,8.111040276,8.445131101,8.79869125,9.12720234,9.473148467,9.863249352,10.27894184,10.72867299,11.23875455,
Australia,AUS,Population ages 65 and above (% of total population),SP.POP.65UP.TO.ZS,8.525293671,8.528573509,8.541653514,8.546351619,8.533282028,8.517974547,8.497444681,8.470059614,8.428311757,8.37994715,8.346806847,8.342791225,8.392252747,8.480096252,8.576310884,8.708676104,8.877826231,9.044807485,9.220557276,9.411179427,9.587200139,9.729419002,9.841447926,9.945229591,10.06636854,10.22430738,10.42476203,10.61778882,10.77641215,10.91234215,11.05865961,11.2374625,11.41352255,11.57935906,11.72477886,11.8465581,11.96293206,12.0692816,12.16598722,12.2516781,12.33809266,12.44396653,12.55265087,12.65741446,12.77075248,12.88499489,12.99251242,13.08756426,13.17728803,13.31490399,13.52928938,13.79881471,14.088046,14.36632441,14.63439339,14.899458,15.1508163,15.38761302,15.64096761,15.94506378,16.33872028,16.74918736,17.07503205,17.38402497,
Austria,AUT,Population ages 65 and above (% of total population),SP.POP.65UP.TO.ZS,12.21969658,12.4113585,12.60316352,12.77095436,12.97202444,13.17212291,13.36592266,13.56655088,13.7498283,13.91883111,14.06703223,14.20463224,14.33298923,14.46252791,14.6410227,14.85916153,15.02842174,15.17946442,15.32919788,15.43965754,15.39271338,15.0994654,14.72457337,14.36587202,14.15624806,14.18699315,14.34378177,14.54785584,14.74358704,14.87738876,14.95399287,14.96889962,14.93582195,14.94631897,15.0330146,15.1506263,15.25157066,15.3345186,15.40004152,15.42812216,15.44064167,15.46338657,15.46188077,15.47420396,15.733577,16.21266673,16.67951547,17.02804235,17.28097279,17.53136629,17.65924497,17.73606711,17.94970493,18.19944605,18.38805637,18.4613708,18.49991568,18.61032967,18.76258285,18.94029936,19.16978884,19.46285272,19.78975092,20.16401968,
Azerbaijan,AZE,Population ages 65 and above (% of total population),SP.POP.65UP.TO.ZS,4.634222984,4.52208389,4.42489952,4.343604605,4.276727297,4.2226735,4.180611526,4.151171681,4.129804121,4.109805366,4.092778586,4.080189579,4.071183028,4.064522408,4.058333969,4.049744063,4.020702325,3.970263946,3.920526117,3.877199352,3.832477486,3.781889701,3.718245944,3.703338793,3.695416007,3.697446996,3.697941781,3.68626577,3.721520839,3.816006368,3.962252096,4.123274546,4.299526856,4.547225089,4.779381179,4.973435675,5.089106322,5.145124793,5.221526716,5.331177327,5.534518306,5.786043129,6.049890985,6.29424572,6.465555319,6.561669502,6.586998845,6.506142199,6.327685056,6.095407024,5.887884578,5.742814237,5.678362314,5.684482854,5.715736811,5.794962498,5.946403014,6.140135594,6.368876742,6.627641135,6.883368543,7.146682837,7.52651403,8.010548732,
Burundi,BDI,Population ages 65 and above (% of total population),SP.POP.65UP.TO.ZS,3.15743016,3.163924189,3.175681775,3.194530752,3.207795395,3.212200805,3.216696292,3.223416922,3.229393558,3.236809578,3.24417759,3.247929147,3.252152433,3.255849752,3.256623539,3.257259367,3.256430055,3.25020255,3.238001355,3.226169434,3.198857679,3.165945177,3.14050955,3.114165407,3.087721114,3.060284056,3.029741504,2.99044178,2.939056924,2.881340847,2.821765144,2.758501835,2.691576626,2.649078017,2.612545106,2.555340012,2.499668273,2.463121342,2.438885825,2.418206402,2.399688665,2.38453115,2.373151459,2.363812976,2.354569822,2.342941803,2.329119788,2.31501981,2.301644192,2.289160875,2.273873642,2.256462198,2.240898458,2.228886011,2.212312458,2.223138461,2.269399101,2.316077277,2.360738436,2.401268215,2.435064781,2.46187926,2.485849983,2.510294515,
Belgium,BEL,Population ages 65 and above (% of total population),SP.POP.65UP.TO.ZS,11.98826082,12.12493357,12.28276368,12.39088573,12.51200445,12.66199514,12.82533241,13.00518587,13.14150775,13.2527808,13.37351018,13.4906514,13.62156291,13.75727706,13.88099249,13.98829417,14.06763426,14.17026311,14.2947167,14.4011249,14.41502254,14.27699479,14.04074748,13.76573441,13.63162397,13.74826518,13.97560237,14.21549322,14.46943142,14.70504469,14.92513077,15.13592762,15.31641938,15.48233773,15.66513087,15.8987212,16.14417076,16.36319197,16.54532461,16.68660063,16.80524833,16.89938991,16.97983726,17.07097259,17.17558149,17.22019961,17.15875116,17.07877541,17.06866411,17.09932516,17.11726346,17.25106051,17.48942923,17.72038165,17.96215098,18.16370947,18.35666618,18.58490343,18.808621,19.02983808,19.22402019,19.45205205,19.76719276,20.14527495,
Benin,BEN,Population ages 65 and above (% of total population),SP.POP.65UP.TO.ZS,6.000073095,5.881921974,5.772560971,5.671229458,5.575881388,5.485551514,5.398183645,5.31312772,5.231852561,5.15365354,5.077801163,5.003769818,4.931236297,4.859850598,4.7876768,4.714072967,4.63959248,4.564360475,4.488457037,4.410874503,4.330984184,4.249404515,4.167869574,4.087658315,4.009424193,3.933616313,3.861064888,3.791730038,3.725846859,3.663394483,3.60323311,3.545225092,3.490324758,3.424988412,3.367281194,3.328088241,3.291210732,3.256062572,3.222694906,3.191158188,3.162573379,3.136767023,3.113006163,3.092308042,3.076609977,3.065257552,3.058243403,3.056342947,3.05763168,3.06062208,3.06378658,3.06346378,3.057982197,3.052923551,3.046304564,3.037626001,3.031443878,3.027846024,3.028280519,3.033271246,3.039964518,3.04703492,3.062531231,3.087881331,
Burkina Faso,BFA,Population ages 65 and above (% of total population),SP.POP.65UP.TO.ZS,2.640793233,2.691748566,2.740548557,2.788726463,2.837419071,2.886897643,2.937695079,2.990135079,3.04307711,3.095139155,3.146433776,3.196706937,3.244737232,3.290585286,3.335148577,3.377993805,3.418595413,3.455610658,3.487552086,3.513777734,3.534269602,3.54946612,3.559495747,3.563910774,3.561874671,3.553241592,3.538697463,3.518820675,3.493741047,3.463624467,3.428401329,3.38942494,3.347494835,3.302309336,3.253808502,3.202473157,3.149796463,3.096571197,3.043458999,2.99231654,2.943668279,2.89887329,2.859671633,2.824957738,2.79361923,2.765540372,2.740563029,2.720330468,2.707202663,2.701242716,2.700275424,2.700846146,2.696254145,2.669989148,2.629435944,2.59648429,2.573497381,2.559485689,2.554807917,2.559186698,2.568841549,2.579178143,2.594655476,2.620712978,
Bangladesh,BGD,Population ages 65 and above (% of total population),SP.POP.65UP.TO.ZS,2.916683521,2.898186886,2.887121745,2.883176252,2.887423451,2.898600975,2.91632264,2.9406073,2.969060062,3.000231855,3.029195609,2.98887576,2.958834527,3.004233021,3.05211223,3.109695842,3.175449129,3.240405733,3.302303484,3.358706695,3.40778642,3.442598698,3.463105199,3.47853792,3.491357345,3.500870914,3.507937287,3.51269284,3.513945434,3.510081926,3.500892566,3.484313412,3.464237241,3.446997489,3.431245987,3.418815539,3.412806051,3.413040793,3.420059992,3.435124886,3.461401817,3.496335779,3.539298951,3.593504553,3.655827227,3.724921896,3.80177384,3.887386017,3.983115461,4.090303961,4.209254661,4.343773542,4.489055874,4.626843073,4.756567531,4.902601422,5.072238343,5.258889051,5.458144023,5.662558371,5.83513578,5.973813331,6.135157652,6.320548054,
Bulgaria,BGR,Population ages 65 and above (% of total population),SP.POP.65UP.TO.ZS,7.45116338,7.643588678,7.813013333,7.949298781,8.103847079,8.359377995,8.654535222,8.868289055,9.101504569,9.342882833,9.603272332,9.893167713,10.16333209,10.41092487,10.63855309,10.87736842,11.10799638,11.33986493,11.44503078,11.58087169,11.84389274,11.8181764,11.50035702,11.18509563,11.12405396,11.36265866,11.69951054,12.02128918,12.32143463,12.70039363,13.17383717,13.63552415,14.07779941,14.46853157,14.79401455,15.10665655,15.39067356,15.66434857,15.97154012,16.30158801,16.58326062,16.80182336,16.99427972,17.12034075,17.22595081,17.33712044,17.45020545,17.57264639,17.7279116,17.90951443,18.14722857,18.51908361,18.94926803,19.35469395,19.77573872,20.20978146,20.57605163,20.86995578,21.17088797,21.47945894,21.6867893,21.70322174,21.69729722,21.83243834,
Bahrain,BHR,Population ages 65 and above (% of total population),SP.POP.65UP.TO.ZS,2.645979061,2.632777573,2.622261624,2.614195098,2.609949643,2.614180598,2.625961849,2.640898087,2.683775842,2.749153251,2.801273084,2.790882122,2.718157881,2.639628701,2.564874544,2.492206339,2.422758114,2.354366527,2.283063961,2.207405574,2.138011051,2.10695966,2.113790675,2.127115324,2.137397041,2.146935978,2.152881956,2.148515354,2.136253487,2.124354676,2.115398997,2.11292829,2.13227421,2.170983255,2.216187503,2.256490825,2.280916803,2.284757334,2.271035287,2.258279122,2.249916179,2.222355564,2.182604967,2.157218998,2.148794756,2.144264876,2.131672662,2.115320052,2.105845963,2.108219335,2.150474266,2.235176444,2.302756797,2.455689336,2.625399132,2.588763553,2.537485905,2.612019609,2.772388691,3.004468353,3.278892465,3.464160635,3.498952368,3.638004403,
"Bahamas, The",BHS,Population ages 65 and above (% of total population),SP.POP.65UP.TO.ZS,3.720006534,3.63961472,3.570636418,3.516622621,3.4872958,3.477490935,3.472823069,3.469282109,3.465842782,3.466943101,3.470887629,3.479830449,3.504373773,3.550955969,3.615918809,3.698921555,3.795544553,3.899943876,4.013666398,4.134215778,4.256934156,4.381388292,4.50825804,4.629370429,4.740148716,4.838754276,4.926292001,5.010603796,5.093301507,5.176664079,5.2693567,5.372402763,5.478671129,5.591586448,5.716689881,5.85299591,5.999320856,6.155768591,6.322930671,6.502531178,6.6936866,6.902841665,7.130881085,7.370444032,7.622387295,7.884842422,8.144384643,8.389359092,8.624471372,8.884402304,9.156751094,9.405507776,9.637001141,9.849638346,10.04007345,10.209902,10.36488337,10.5142323,10.66759184,10.82436286,10.97641226,11.09195127,11.25211772,11.49795777,
Bosnia and Herzegovina,BIH,Population ages 65 and above (% of total population),SP.POP.65UP.TO.ZS,3.466802544,3.488060386,3.482813443,3.512566068,3.608101518,3.759113706,3.94099312,4.127688601,4.30013134,4.469730503,4.65296865,4.825527855,4.97090836,5.114452525,5.275371886,5.453883421,5.640231417,5.817795298,5.966998019,6.066394379,6.100289604,6.052469787,5.93662719,5.822865419,5.768139296,5.78838243,5.874317175,5.998616023,6.147489689,6.337113419,6.577127184,6.872260964,7.39581818,8.08947256,8.773753242,9.294684563,9.500222696,9.730846465,10.09172226,10.52200873,10.9806993,11.44961356,11.92636585,12.42943978,12.97403252,13.48709738,13.8857059,14.23421747,14.54832238,14.82520721,15.11450368,15.45365563,15.87130752,16.32295806,16.7737639,17.25351747,17.77183895,18.3388809,18.97601122,19.64568874,20.24271754,20.67769266,21.10326941,21.64242389,
Belarus,BLR,Population ages 65 and above (% of total population),SP.POP.65UP.TO.ZS,7.24392233,7.336661005,7.358964152,7.446525496,7.583450509,7.813790873,8.050918717,8.19720866,8.411724323,8.633872635,8.865764571,9.084085213,9.294538704,9.497282258,9.698242822,9.948960673,10.165168,10.35554691,10.53466206,10.5917671,10.52354012,10.35523436,10.12975363,9.993286167,9.910299793,9.839140688,9.814516535,9.909024067,10.12342944,10.36051063,10.63897787,10.94866738,11.28869153,11.6630864,12.05114335,12.46287373,12.79483453,13.06963472,13.30277821,13.39551876,13.51880879,13.75263696,14.02816716,14.2966415,14.53849789,14.70340035,14.78764234,14.75058358,14.52298256,14.23170863,13.94548682,13.7427575,13.73977585,13.84393266,14.05726399,14.31376685,14.54027547,14.79764795,15.05115331,15.37194504,15.73378581,16.06976916,16.5067849,17.06197453,
Belize,BLZ,Population ages 65 and above (% of total population),SP.POP.65UP.TO.ZS,4.165115311,4.186580514,4.200245726,4.215149412,4.231153454,4.236903573,4.234260534,4.230624056,4.218771112,4.201118265,4.205888078,4.230673708,4.269867497,4.322845201,4.37256944,4.406897953,4.429426327,4.449653021,4.454521206,4.441425067,4.408115151,4.366352904,4.332093282,4.297920939,4.263827447,4.234243309,4.204328767,4.171007514,4.136019705,4.106774461,4.092300717,4.091905475,4.01396983,3.863480108,3.753195678,3.713273833,3.736380257,3.795203856,3.859032833,3.913824212,3.963471609,3.984644404,3.97643047,3.968458564,3.966307002,3.969177476,3.973551342,3.975346167,3.979314072,3.990224366,3.986947493,3.973443162,3.976807191,3.995439471,4.027971828,4.076102971,4.131147091,4.194382927,4.2741629,4.375130401,4.485538425,4.598497773,4.708330333,4.841336348,
Bermuda,BMU,Population ages 65 and above (% of total population),SP.POP.65UP.TO.ZS,5.531007522,5.512203606,5.490568383,5.488531098,5.505219724,5.545605866,5.606379033,5.698388335,5.814022697,5.953436699,6.105574154,6.280533009,6.480753752,6.683287532,6.902076089,7.137412123,7.367036271,7.576681076,7.769833992,7.945064698,8.132580627,8.314350797,8.442274808,8.540993483,8.66783277,8.831339508,9.020477907,9.127343819,9.109588437,9.064573159,9.01256982,9.08267798,9.266789368,9.460941419,9.697773423,9.978748961,10.28538946,10.48905728,10.57826298,10.65039387,10.83825477,11.12862165,11.39558273,11.66928478,11.95667812,12.23708759,12.5323275,12.79172188,12.98272498,13.15503815,13.4624287,13.94421998,14.46909468,15.02906085,15.58186025,16.10689609,16.64578359,17.16618039,17.67401419,18.23279829,18.82280762,19.44453038,20.14177935,20.91177471,
Bolivia,BOL,Population ages 65 and above (% of total population),SP.POP.65UP.TO.ZS,5.108887732,4.996213676,4.883041913,4.77259843,4.669542301,4.576188767,4.491577013,4.415057501,4.34673986,4.286442858,4.234413433,4.190118211,4.152601824,4.121827612,4.098228055,4.081817765,4.072884294,4.07033358,4.070021321,4.067468334,4.061643364,4.052616549,4.039530495,4.024850626,4.013917197,4.00941494,4.00950541,4.013643125,4.024016648,4.043539697,4.072457177,4.110770595,4.159145697,4.272808374,4.441279916,4.600608622,4.751515133,4.893577296,5.025570784,5.146288529,5.254966245,5.349464442,5.388436451,5.381185986,5.375935441,5.373995801,5.37477122,5.380860822,5.395469379,5.419189997,5.452201826,5.491548932,5.531040081,5.55753827,5.567542703,5.579568404,5.601085937,5.626938838,5.658317496,5.696375979,5.653597389,5.520764454,5.479080585,5.550466735,
Brazil,BRA,Population ages 65 and above (% of total population),SP.POP.65UP.TO.ZS,2.52800644,2.557614844,2.593462057,2.632226552,2.671880664,2.713929383,2.759370445,2.806381333,2.854929578,2.905450523,2.957451897,3.011093079,3.066777063,3.124369417,3.183775651,3.244598229,3.304704496,3.362164931,3.416832451,3.468997328,3.517695183,3.562550573,3.605401222,3.648593644,3.694377346,3.744694093,3.802074971,3.869082716,3.946312844,4.031393657,4.120695782,4.214193016,4.312571457,4.415653355,4.522418126,4.629923391,4.737997703,4.846925531,4.952169298,5.052915715,5.153056002,5.257889534,5.370579505,5.493777156,5.629810839,5.775105117,5.930030186,6.09660385,6.274230084,6.464255362,6.666886093,6.882000293,7.114766689,7.370284831,7.65357587,7.956807324,8.268573953,8.591652915,8.927850215,9.273074349,9.598664876,9.91109991,10.25178478,10.63363147,
Barbados,BRB,Population ages 65 and above (% of total population),SP.POP.65UP.TO.ZS,4.546488084,4.546039426,4.586266707,4.645621893,4.722909843,4.822485268,4.947223628,5.098516137,5.261537904,5.411646325,5.553817962,5.681106723,5.782911022,5.882411689,5.999154627,6.134754385,6.285532478,6.446670853,6.620923789,6.802072679,7.098740277,7.524661029,7.962227622,8.397311726,8.815118469,9.211963904,9.588552657,9.946575611,10.29627992,10.6329109,10.77667969,10.76983875,10.79604943,10.83182966,10.88829048,10.96266021,11.02433054,11.09239438,11.17682025,11.25353548,11.26503932,11.24662047,11.28571861,11.30801878,11.3064819,11.32483086,11.34104811,11.37792424,11.48270444,11.65792666,11.81789942,11.95140853,12.13902054,12.36904183,12.63310676,12.92161009,13.20308658,13.51585282,13.88120501,14.29567135,14.77096039,15.26210674,15.69878647,16.09341352,
Brunei Darussalam,BRN,Population ages 65 and above (% of total population),SP.POP.65UP.TO.ZS,3.673037415,3.599859486,3.521024824,3.444066054,3.368988501,3.29172625,3.21684236,3.151197141,3.087009051,3.024067009,2.863728693,2.655505688,2.601818706,2.649802028,2.694293051,2.728221674,2.750807578,2.762040915,2.771551428,2.774606201,2.763941949,2.750329467,2.731568974,2.712695552,2.70220471,2.692999025,2.678204817,2.658000513,2.636844006,2.619686855,2.6040718,2.588381795,2.574493356,2.567773219,2.576282641,2.602031968,2.639338464,2.677657639,2.713314158,2.751153293,2.791155062,2.831900883,2.877838512,2.932750976,3.002602643,3.08888861,3.184451376,3.274710311,3.348129796,3.400809191,3.434845998,3.483700707,3.591484787,3.751440898,3.940367198,4.156802929,4.403083515,4.678560535,4.975908472,5.288357278,5.613501012,5.923020983,6.201776799,6.51107913,
Bhutan,BTN,Population ages 65 and above (% of total population),SP.POP.65UP.TO.ZS,2.430338623,2.421482855,2.414622394,2.407650639,2.400518604,2.394712108,2.390297235,2.386212041,2.38527146,2.38486456,2.386331224,2.390585523,2.395053654,2.400901362,2.409786798,2.421057955,2.432954064,2.446382451,2.46185622,2.480561165,2.502514974,2.5252576,2.549704315,2.577807565,2.60813804,2.641167995,2.677063536,2.715349829,2.756624724,2.800887748,2.850054388,2.904881511,2.965432851,3.032780605,3.10073535,3.174698762,3.253286588,3.335621397,3.421988462,3.56423764,3.76166725,3.960988516,4.159616661,4.355510391,4.544961951,4.692191994,4.781682157,4.853449762,4.93296802,5.020764048,5.114860782,5.212108653,5.310203345,5.410996963,5.516753633,5.633268433,5.762529651,5.83666795,5.866662981,5.927965127,6.018005055,6.126638824,6.245754177,6.36869981,
Botswana,BWA,Population ages 65 and above (% of total population),SP.POP.65UP.TO.ZS,4.304723969,4.230195523,4.136356863,4.036862993,3.950970039,3.921418497,3.947538056,3.995300659,4.051523592,4.096217461,4.121903871,4.085308278,3.964126367,3.804214541,3.648489747,3.505582821,3.370302865,3.246416217,3.122736944,3.027083674,3.001488024,2.990010789,2.969725103,2.970262485,2.984652481,3.011288432,3.051479774,3.104029714,3.158417016,3.200334416,3.226784795,3.239596752,3.236699136,3.227273848,3.222347601,3.227170951,3.242922455,3.266830673,3.29410769,3.320347114,3.342290742,3.361241965,3.381520408,3.400476366,3.413310269,3.419250309,3.418801595,3.414685321,3.408718234,3.402668344,3.398585566,3.398134924,3.40830113,3.433250844,3.485311531,3.561111129,3.639694457,3.714684524,3.783956704,3.845553524,3.890454072,3.869031941,3.880152048,3.969669119,
Central African Republic,CAF,Population ages 65 and above (% of total population),SP.POP.65UP.TO.ZS,4.371996057,4.335285775,4.309646149,4.289977666,4.269091346,4.244045532,4.215068956,4.182369959,4.14797267,4.115421014,4.08799979,4.066731436,4.051253601,4.039877664,4.030447639,4.021515037,4.021220613,4.022894897,4.010594835,3.982990307,3.940119198,3.881291251,3.807288499,3.72105378,3.626767712,3.528003899,3.425215644,3.318428491,3.2055308,3.085395481,2.970079663,2.867887546,2.777613863,2.698332626,2.627446954,2.560698364,2.499603459,2.446244365,2.398833342,2.356822367,2.317397549,2.276433115,2.241456886,2.21505228,2.19158868,2.171686065,2.153267822,2.140195199,2.133863832,1.996336315,1.858147866,1.866453422,1.881204932,1.895412715,1.907009069,1.953850463,2.032007588,2.097523308,2.162039676,2.188553874,2.200620157,2.221767962,2.143696611,2.095277356,
Canada,CAN,Population ages 65 and above (% of total population),SP.POP.65UP.TO.ZS,7.616509272,7.623814928,7.629276238,7.629548348,7.63801372,7.661332559,7.69110304,7.728654229,7.781285112,7.852535872,7.921113607,7.986676465,8.081733425,8.196132888,8.307479793,8.434062545,8.592446783,8.773795487,8.971962808,9.181103943,9.378495181,9.550016224,9.697997595,9.839310865,10.01200021,10.23021706,10.46750698,10.69533176,10.89155171,11.06401545,11.23962275,11.41263105,11.56775831,11.70456275,11.83170776,11.95904231,12.08967197,12.2215497,12.34280668,12.44420019,12.53630939,12.62300537,12.70702907,12.80459003,12.91679164,13.04664744,13.21211852,13.40743535,13.62092864,13.8518497,14.10940235,14.42968082,14.82069906,15.22868879,15.62324418,16.01019976,16.38810219,16.75821369,17.12968131,17.53185952,17.98540848,18.48225923,18.94074713,19.35811922,
Central Europe and the Baltics,CEB,Population ages 65 and above (% of total population),SP.POP.65UP.TO.ZS,7.263415695,7.437631008,7.615885532,7.809503894,8.025557537,8.281689613,8.560624282,8.816525481,9.057981333,9.280407699,9.491423558,9.705089116,9.940101034,10.17653157,10.39874717,10.61242017,10.79808486,10.982387,11.136999,11.25007087,11.24837757,11.07132137,10.80018782,10.49479032,10.33789306,10.36207671,10.44794203,10.58891331,10.78412716,10.9728226,11.1580119,11.36740394,11.58375892,11.82011047,12.06644555,12.33084842,12.5929725,12.83855133,13.0711377,13.28740955,13.50585029,13.71899598,13.93653185,14.13591586,14.32667167,14.51095826,14.68003815,14.82757384,14.96261782,15.10542156,15.24194897,15.45068298,15.76433667,16.11772939,16.52320996,16.96475459,17.411897,17.85417356,18.28924236,18.73250521,19.16055147,19.50210321,19.77985178,20.11221249,
Switzerland,CHE,Population ages 65 and above (% of total population),SP.POP.65UP.TO.ZS,10.22513972,10.27859509,10.27748015,10.27880295,10.361497,10.51634023,10.68414352,10.85936239,11.00980164,11.15232724,11.35376729,11.58169257,11.78863616,12.01516789,12.26508156,12.57408675,12.92180813,13.23746078,13.50381727,13.72024895,13.85086647,13.88936427,13.90195945,13.91952345,13.96448416,14.07815831,14.23714209,14.36959503,14.46907506,14.54714602,14.58049718,14.57034542,14.57224932,14.60158579,14.65844962,14.74051298,14.84420664,14.97097859,15.10066888,15.21840126,15.33319186,15.45389777,15.53660573,15.60134,15.71155121,15.85310226,16.03530864,16.23828538,16.42199251,16.62589199,16.82963819,17.05082962,17.3026343,17.52054886,17.71422812,17.88935668,18.03858935,18.20047558,18.38758402,18.58214562,18.75153889,18.92802977,19.21866495,19.61138084,
Channel Islands,CHI,Population ages 65 and above (% of total population),SP.POP.65UP.TO.ZS,13.15067504,13.26415137,13.31786974,13.35586009,13.4222903,13.5083569,13.57980818,13.63081043,13.69698575,13.78903465,13.89788991,13.99978323,14.06960656,14.138548,14.22601013,14.31816152,14.46242189,14.66899465,14.86601888,15.00729535,15.07335469,15.04524024,14.92833175,14.76703745,14.6782011,14.68927176,14.69584392,14.67724265,14.65818158,14.63780919,14.59252063,14.54702987,14.51322603,14.46947777,14.42659089,14.41613252,14.41177481,14.37779982,14.36842052,14.39957168,14.44780533,14.52037125,14.62588778,14.74950484,14.89288932,15.0206366,15.0871027,15.12376979,15.20958007,15.36400632,15.52988274,15.83216713,16.27474458,16.65744618,16.98094656,17.31735743,17.667285,18.00151534,18.30590575,18.58518474,18.86600636,19.1062786,19.34354368,19.6643837,
Chile,CHL,Population ages 65 and above (% of total population),SP.POP.65UP.TO.ZS,3.33900176,3.408639424,3.478303288,3.547380528,3.611881017,3.672093384,3.729975503,3.783883925,3.833566866,3.884385806,3.935946778,3.988186061,4.046196843,4.1129123,4.186133263,4.265838559,4.354111194,4.449731085,4.547340434,4.645703618,4.745519635,4.841936184,4.935556438,5.032052062,5.135474585,5.249698181,5.374415354,5.509016489,5.660077926,5.837432525,6.038344664,6.26248171,6.509593108,6.764220187,7.007013566,7.230046929,7.43555122,7.626070618,7.80825089,7.991008082,8.176872714,8.363619798,8.550850488,8.732213414,8.910606366,9.089777508,9.266212231,9.44140839,9.618015643,9.803080066,9.997663761,10.20350003,10.42699407,10.67875449,10.95457702,11.24965719,11.54489751,11.81308342,12.06365828,12.32606029,12.62681574,12.95643362,13.30008002,13.69331906,
China,CHN,Population ages 65 and above (% of total population),SP.POP.65UP.TO.ZS,3.965966396,3.882071255,3.823815746,3.755362523,3.68682186,3.645167543,3.632201659,3.641538207,3.660980204,3.682738147,3.707812768,3.739023241,3.77367144,3.817985916,3.881216064,3.951615315,4.016624667,4.086425113,4.178969049,4.289189644,4.395302321,4.490845666,4.577694565,4.660488507,4.748779297,4.846814064,4.944246415,5.031104477,5.122391335,5.232503792,5.345157414,5.452703923,5.576617947,5.726529855,5.885332983,6.05307367,6.225048049,6.401069033,6.602946495,6.814514271,7.017475741,7.213516823,7.401628758,7.579626632,7.737251101,7.889628405,8.053863468,8.212586258,8.355352904,8.498178887,8.661471438,8.859168729,9.089201868,9.356268616,9.666198738,10.05342091,10.49079946,10.98096066,11.5162092,12.06136597,12.64523761,13.20574103,13.78193035,14.31607747,
Cote d'Ivoire,CIV,Population ages 65 and above (% of total population),SP.POP.65UP.TO.ZS,2.413883354,2.427081968,2.438172537,2.447106208,2.454297855,2.460180665,2.465111676,2.469215025,2.472754877,2.476011949,2.47892154,2.481096709,2.482183787,2.48205986,2.480785813,2.479097542,2.475631229,2.471254074,2.468542561,2.466292112,2.462949082,2.457986654,2.451409482,2.443721082,2.439309981,2.438269276,2.436902812,2.435143722,2.43289059,2.436924853,2.447128342,2.457026128,2.466335924,2.474728543,2.481700143,2.485728496,2.486052607,2.482512493,2.473675432,2.455245607,2.429568918,2.402990212,2.376132026,2.347645886,2.316843523,2.284388324,2.250318565,2.215597418,2.21727841,2.257720547,2.305998811,2.36425251,2.435659011,2.525207473,2.554254079,2.519947196,2.496702069,2.483957177,2.481607629,2.488421864,2.496082587,2.507520605,2.532821021,2.568242271,
Cameroon,CMR,Population ages 65 and above (% of total population),SP.POP.65UP.TO.ZS,3.914290546,3.933074678,3.953998978,3.977139341,3.997700357,4.015181554,4.029383473,4.040131377,4.047233835,4.050879591,4.051672666,4.050580516,4.047505227,4.041978601,4.033636365,4.022105629,4.009160878,3.994676586,3.975382433,3.952417105,3.920223617,3.88165705,3.857906994,3.841261532,3.817430316,3.790434687,3.76014056,3.72787907,3.69612244,3.664653684,3.632518551,3.600047312,3.568006722,3.536496132,3.505205825,3.474594663,3.445224411,3.416661984,3.387760762,3.357902115,3.327521482,3.297967362,3.269216247,3.239560554,3.207046151,3.171841158,3.136514245,3.102136987,3.068896124,3.037223003,3.00754787,2.979186231,2.94920899,2.914547899,2.877194373,2.845728614,2.82198108,2.803670631,2.791160646,2.784299204,2.776852366,2.766102616,2.763171982,2.774839408,
"Congo, Dem. Rep.",COD,Population ages 65 and above (% of total population),SP.POP.65UP.TO.ZS,3.016312775,2.991637698,2.966678296,2.943620176,2.921712954,2.901998281,2.887609105,2.876841637,2.867331584,2.859355012,2.853277845,2.849469924,2.847649258,2.84731326,2.848291452,2.85063479,2.854220832,2.859019116,2.861170721,2.860226118,2.859912332,2.860388251,2.861006699,2.860938337,2.859798921,2.857589183,2.855604844,2.854915285,2.855947947,2.859639676,2.864974323,2.871735065,2.879718045,2.88761753,2.889325069,2.889819821,2.898074711,2.91411005,2.931145555,2.944273207,2.957171172,2.970783413,2.98575412,3.002635324,3.019934597,3.036062958,3.051455594,3.06698935,3.082870081,3.098581034,3.113791451,3.127551917,3.138285404,3.141702081,3.136601162,3.126979571,3.115308699,3.104224298,3.096875045,3.093294918,3.086076218,3.073628166,3.066046838,3.068356403,
"Congo, Rep.",COG,Population ages 65 and above (% of total population),SP.POP.65UP.TO.ZS,3.543804647,3.560067669,3.579625845,3.598515827,3.612606735,3.62059823,3.622796792,3.619755039,3.612139285,3.601469566,3.588054843,3.571277391,3.551740249,3.530428926,3.508245271,3.483276138,3.454662688,3.426277439,3.397082013,3.360508442,3.319875045,3.28494207,3.275465922,3.300611361,3.344163387,3.385549005,3.412143483,3.427681496,3.425751979,3.395959816,3.358642504,3.331966237,3.322788107,3.322095592,3.310838602,3.291991283,3.269810628,3.242554526,3.207758375,3.169271649,3.126870729,3.091591769,3.073546816,3.054789919,3.023429178,2.984084755,2.941242385,2.897086496,2.850759721,2.799915164,2.752700967,2.716485846,2.692497548,2.67643299,2.664634195,2.661095788,2.667851404,2.682016539,2.701473869,2.727750527,2.759174004,2.797562465,2.849859754,2.914610251,
Colombia,COL,Population ages 65 and above (% of total population),SP.POP.65UP.TO.ZS,2.85255375,2.834229553,2.819345723,2.808662249,2.802454963,2.800292332,2.802958131,2.810972926,2.82332807,2.840664536,2.864925262,2.896869949,2.933954268,2.975488787,3.024936772,3.082225133,3.148390403,3.222367407,3.29881122,3.370832446,3.434615051,3.493344711,3.549428521,3.601047843,3.647751026,3.682544669,3.719976622,3.76957237,3.819187239,3.870653072,3.924381356,3.981458605,4.038540935,4.093201821,4.147104841,4.201794948,4.26187606,4.329630202,4.402896738,4.477461017,4.55122155,4.625604668,4.703104898,4.787734716,4.882645996,4.98930463,5.119016246,5.273985895,5.450877393,5.642509774,5.84187164,6.057648879,6.293792016,6.544631203,6.818796911,7.109127592,7.388576787,7.65248495,7.913352977,8.190322651,8.464125443,8.71354982,9.006556281,9.375428036,
Comoros,COM,Population ages 65 and above (% of total population),SP.POP.65UP.TO.ZS,3.562974203,3.59814315,3.638224439,3.684214318,3.737399271,3.803374471,3.855247573,3.876091924,3.893469768,3.924666985,3.971587058,4.035296687,4.113789597,4.201704117,4.294704666,4.38315215,4.447667189,4.481132459,4.481598298,4.443837689,4.360848156,4.295121372,4.269066106,4.238045056,4.204837191,4.17185955,4.140184014,4.113278709,4.092020968,4.072356922,4.059523635,4.08555699,4.121475987,4.137480419,4.15416604,4.171541789,4.190183668,4.207945409,4.222145868,4.219351514,4.183428018,4.115620774,4.03105255,3.991067002,4.01521257,4.069670326,4.13838377,4.197906882,4.22973207,4.228227386,4.205404101,4.17726957,4.155776709,4.163719086,4.21207234,4.285161873,4.364461449,4.412098016,4.43234101,4.457917714,4.467730082,4.455650964,4.455290654,4.472904689,
Cabo Verde,CPV,Population ages 65 and above (% of total population),SP.POP.65UP.TO.ZS,4.185702144,4.218525527,4.274307292,4.39220046,4.523092242,4.667437188,4.824973169,4.996279712,5.177965976,5.361552028,5.466592563,5.520385381,5.607190655,5.693591791,5.758832667,5.770859286,5.730235414,5.668031077,5.581571893,5.467947915,5.366361378,5.285255882,5.19679975,5.108491397,5.024890148,4.946957811,4.876650351,4.813854946,4.76142506,4.714609839,4.671595257,4.644994878,4.638231893,4.646300051,4.664972485,4.690454181,4.722367775,4.757305668,4.789743135,4.818154638,4.848809058,4.892644468,4.947692519,5.004298845,5.054034518,5.086211428,5.094069519,5.078301738,5.037847433,4.971934698,4.907956205,4.885652752,4.905606938,4.956220411,5.039959947,5.156583758,5.300607057,5.465272484,5.637934225,5.814290494,5.982655225,6.13617756,6.328729117,6.579454962,
Costa Rica,CRI,Population ages 65 and above (% of total population),SP.POP.65UP.TO.ZS,3.036882974,3.037367917,3.044363372,3.056923442,3.072570341,3.090200024,3.110463484,3.134761449,3.163506312,3.197772955,3.238860893,3.288097307,3.345469723,3.409747863,3.478843239,3.551671295,3.626032435,3.698030635,3.765339132,3.826300564,3.881335219,3.930495226,3.975255921,4.020649264,4.070708648,4.12515947,4.184413942,4.25106449,4.32869075,4.416956023,4.510386308,4.608741056,4.712464733,4.818447046,4.922588208,5.024587178,5.126535881,5.229703237,5.336429245,5.448964178,5.569668279,5.702968884,5.853232754,6.016778598,6.187552492,6.363757967,6.548270507,6.741114515,6.939147495,7.146343019,7.370133904,7.612683583,7.871574498,8.152661484,8.451278435,8.758969029,9.074876246,9.400027721,9.742219259,10.10547242,10.48509034,10.86537269,11.26206262,11.71884265,
Caribbean small states,CSS,Population ages 65 and above (% of total population),SP.POP.65UP.TO.ZS,4.088148607,4.173431271,4.203289193,4.209284694,4.212719832,4.207852742,4.206126737,4.209695482,4.214814567,4.219648132,4.234215293,4.25955572,4.296317967,4.348677665,4.411223548,4.482856638,4.561480117,4.64599596,4.735157732,4.825868212,4.899153297,4.949890228,4.993799175,5.036426177,5.080586755,5.128172553,5.179397787,5.233372949,5.292771196,5.356861394,5.403812474,5.427652176,5.431797943,5.426127528,5.426337181,5.445292104,5.485720153,5.541906631,5.627903791,5.740997798,5.860579415,5.970987989,6.074600267,6.185050474,6.273353103,6.339807813,6.41436068,6.499519199,6.600064242,6.720901288,6.848788813,6.962736809,7.071376587,7.162529194,7.263746519,7.393883497,7.55267722,7.729553381,7.862414509,8.029684189,8.245179948,8.409254166,8.595510134,8.850148918,
Cuba,CUB,Population ages 65 and above (% of total population),SP.POP.65UP.TO.ZS,4.286958104,4.291207246,4.30710488,4.337902478,4.390670529,4.465758226,4.563791809,4.686867901,4.824965775,4.963399601,5.09994892,5.267858585,5.466028693,5.668664273,5.880635458,6.104380343,6.340744824,6.587723331,6.839166679,7.089908792,7.336899581,7.524488618,7.651078838,7.772545082,7.890414054,7.998732922,8.093659788,8.174248128,8.241375855,8.301517396,8.363523033,8.428506649,8.49476045,8.563156954,8.678643923,8.844352251,9.019048514,9.203719535,9.39895353,9.602712841,9.818672668,10.06562916,10.34178466,10.60702402,10.86793325,11.15486328,11.44564188,11.74149911,12.04931135,12.34707511,12.6387608,12.94094865,13.27133689,13.61157905,13.91906121,14.20212275,14.47651046,14.75460731,15.06050418,15.36970537,15.63955025,15.74457805,15.87587773,16.19552864,
Curacao,CUW,Population ages 65 and above (% of total population),SP.POP.65UP.TO.ZS,4.200536367,4.236552975,4.286698374,4.344718804,4.407244005,4.473044162,4.545501789,4.623608811,4.705150021,4.793349153,4.882842276,4.972007202,5.085724351,5.23267134,5.387355586,5.532072554,5.659904512,5.762720558,5.837629237,5.892841166,5.937380314,5.980758254,6.038203809,6.11501846,6.207065907,6.306378172,6.411627781,6.521224983,6.628778788,6.739606968,6.855357825,6.977619382,7.115153352,7.278299734,7.468251877,7.678831639,7.91563169,8.180421013,8.47501461,8.798383811,9.135667584,9.41306105,9.611997176,9.797750682,9.992890355,10.21822315,10.48293499,10.78930928,11.1348732,11.51644473,11.93563192,12.37654983,12.77176953,13.13078984,13.51718204,13.92666795,14.35161593,14.79295735,14.25322235,14.1400632,14.92719627,15.3428361,15.79464187,16.28187912,
Cayman Islands,CYM,Population ages 65 and above (% of total population),SP.POP.65UP.TO.ZS,7.018688816,6.841829913,6.730440724,6.666666667,6.638302515,6.633552315,6.65760159,6.710001024,6.794704643,6.915547686,6.884092422,6.690696103,6.528669189,6.387426137,6.279548574,6.226428779,6.254540423,6.358821582,6.510888571,6.699896031,6.689501727,6.531695057,6.41350436,6.306926904,6.221124936,6.157381354,6.11808168,6.139210332,6.181499342,6.173236577,6.079079965,5.94991665,5.819153768,5.694555645,5.605702985,5.534007269,5.485751106,5.484905607,5.526590198,5.566294013,5.565357665,5.539195405,5.515894951,5.484300493,5.445244369,5.412770505,5.378172168,5.336405901,5.310694701,5.321322349,5.377228574,5.480474405,5.62259891,5.767624243,5.941606203,6.156466723,6.382675256,6.618062927,6.873620916,7.163545086,7.447095051,7.76379132,8.137837592,8.54144418,
Cyprus,CYP,Population ages 65 and above (% of total population),SP.POP.65UP.TO.ZS,5.83445583,5.920935528,6.130858711,6.387957553,6.650542063,6.903434477,7.144885224,7.380202813,7.625516211,7.894240232,8.191648415,8.515251128,8.854003971,9.037566617,9.097872007,9.210872521,9.321226164,9.402631238,9.468745561,9.525362741,9.581291101,9.640328498,9.672540102,9.647778288,9.59741928,9.558559587,9.539775361,9.542982439,9.565805246,9.608384142,9.672220668,9.752686046,9.822784373,9.822592156,9.776278699,9.748288793,9.743715285,9.76438554,9.807358389,9.867611077,9.944690458,10.02896921,10.0892566,10.14265849,10.22512085,10.33651932,10.47966746,10.65592071,10.85844386,11.07929629,11.31828626,11.55249598,11.77838968,12.01745087,12.26106163,12.49990262,12.73065303,12.95034464,13.16648796,13.38255336,13.61127589,13.85142508,14.07794227,14.32327206,
Czechia,CZE,Population ages 65 and above (% of total population),SP.POP.65UP.TO.ZS,9.381199494,9.636826662,9.877712951,10.11690105,10.38639807,10.68449875,11.00283693,11.3286503,11.63278112,11.89298788,12.10718856,12.31875419,12.55580201,12.76742064,12.94372031,13.10994979,13.25588743,13.37970339,13.48848925,13.55005233,13.44358951,13.11764157,12.68016237,12.21473747,11.89910323,11.84953302,11.9458888,12.09995439,12.28198731,12.43979854,12.55828911,12.66523663,12.7759723,12.89040888,13.01409725,13.15924561,13.32345519,13.47656252,13.60018505,13.69459306,13.76099415,13.80319912,13.82991284,13.85682695,13.92149325,14.05758329,14.25267976,14.48230493,14.78187284,15.13578683,15.45900241,15.8988257,16.50004973,17.08215909,17.60549396,18.09687977,18.59515922,19.085882,19.53157934,19.94858774,20.29397364,20.53715417,20.51831065,20.54590056,
Germany,DEU,Population ages 65 and above (% of total population),SP.POP.65UP.TO.ZS,11.47548379,11.6846428,11.90310437,12.0832537,12.29325532,12.50706689,12.74424241,13.04553827,13.29287569,13.44801555,13.66282654,13.89820513,14.10407964,14.32251141,14.57196958,14.83828052,15.06309138,15.28773299,15.49617652,15.63235844,15.59657666,15.33312177,14.97562026,14.6243154,14.44706957,14.53159124,14.70061637,14.84485973,14.90873513,14.88137738,14.86730641,14.90205135,14.94777753,15.04722438,15.21815658,15.39779976,15.5408623,15.64929561,15.82937028,16.11227229,16.46073138,16.85570516,17.26503647,17.71825693,18.26580615,18.85868505,19.49562208,19.99119418,20.28731472,20.52159563,20.56544535,20.52149813,20.63764943,20.81297611,20.95866869,21.05335368,21.13499618,21.29364051,21.44976139,21.62839331,21.84472812,22.13453737,22.45890638,22.79004395,
Djibouti,DJI,Population ages 65 and above (% of total population),SP.POP.65UP.TO.ZS,2.350506835,2.378342096,2.405047007,2.431747589,2.454032317,2.472683606,2.493721236,2.513789674,2.534103181,2.554407934,2.572412605,2.589018667,2.606514633,2.624559398,2.644155264,2.664738838,2.682491321,2.700569099,2.720586791,2.740112902,2.759541458,2.780668538,2.802762833,2.826252256,2.850518027,2.873944279,2.897325266,2.921444503,2.945886986,2.970450268,2.993588864,3.016358946,3.041407519,3.068886952,3.094573248,3.122383797,3.14676686,3.149888176,3.14326691,3.149258925,3.16424657,3.181069164,3.202781891,3.246820296,3.307435268,3.367744442,3.420101804,3.470445469,3.527648509,3.592433356,3.666696587,3.748428535,3.837351532,3.932985014,4.032391975,4.123685575,4.200151688,4.267232819,4.333779278,4.405814593,4.475073709,4.541056038,4.62735776,4.735748109,
Dominica,DMA,Population ages 65 and above (% of total population),SP.POP.65UP.TO.ZS,5.448696355,5.440261757,5.45711098,5.49004681,5.528260435,5.567322001,5.614894508,5.668260031,5.728885692,5.796760115,5.851279967,5.884341023,5.928489866,5.999900828,6.086607915,6.193194123,6.329061194,6.471104114,6.625781212,6.81410107,7.028310277,7.247965363,7.451074807,7.638413863,7.821694238,8.018092105,8.219839931,8.393759768,8.555748327,8.739407157,8.969939822,9.115900514,9.084024522,9.026752601,9.007362202,9.045106775,9.124765884,9.22812739,9.383793011,9.600040657,9.869947892,10.07717315,10.15767841,10.19976361,10.25433728,10.32159978,10.42561386,10.56755873,10.72849798,10.90627904,11.10973954,10.9342756,10.80189532,10.15276483,9.54556435,9.641386167,10.56438695,11.65096027,11.78739851,11.96809098,12.1853403,12.41108896,12.58557608,12.74385247,
Denmark,DNK,Population ages 65 and above (% of total population),SP.POP.65UP.TO.ZS,10.59014476,10.7777195,10.94413365,11.0989439,11.24969848,11.38991762,11.52224737,11.67325979,11.87060053,12.0778368,12.27205684,12.47468801,12.68186401,12.89011383,13.13171342,13.39013582,13.61732943,13.84270615,14.06917462,14.25679448,14.40846826,14.54273631,14.68557327,14.82919776,14.94640716,15.0902754,15.2627147,15.38001017,15.47149508,15.55400991,15.58748499,15.58095312,15.54144194,15.46219171,15.36519176,15.23191602,15.09224278,14.99214291,14.91401631,14.85417695,14.81790455,14.80389929,14.81703078,14.86988372,14.96297227,15.09282728,15.24815997,15.45573491,15.73578841,16.1019309,16.55744893,17.07635587,17.60354433,18.05334769,18.41555521,18.70393956,18.94257028,19.18226841,19.44038864,19.71438023,20.00081454,20.24812625,20.40074008,20.60018293,
Dominican Republic,DOM,Population ages 65 and above (% of total population),SP.POP.65UP.TO.ZS,2.602395011,2.606728116,2.614157272,2.624302714,2.63701314,2.650904898,2.666128655,2.683657312,2.703040444,2.723989867,2.745943095,2.768910409,2.792965773,2.81798597,2.844279544,2.872179895,2.901501785,2.931985161,2.963618802,2.99555995,3.028510725,3.064189148,3.102479568,3.142552825,3.185295371,3.23242521,3.283733882,3.338428543,3.395690629,3.454917281,3.516643546,3.581332391,3.648700217,3.718524475,3.791030504,3.866576244,3.945085292,4.02710226,4.113100254,4.200565508,4.286688668,4.375660493,4.47022701,4.564785059,4.650197938,4.725408058,4.794692749,4.858937369,4.920579789,4.984489851,5.061859896,5.162281714,5.285529061,5.42818415,5.580257529,5.744229254,5.929267688,6.133047051,6.352801904,6.582826661,6.809970659,7.02934528,7.287133116,7.580861114,
Algeria,DZA,Population ages 65 and above (% of total population),SP.POP.65UP.TO.ZS,3.122817819,3.244589216,3.467849832,3.666517889,3.814890261,3.922909276,3.93559797,3.86555963,3.79536666,3.724629033,3.654757339,3.587267153,3.522967222,3.460817787,3.3992,3.355370596,3.353143395,3.345293944,3.307633384,3.271025123,3.245275183,3.235895958,3.235566326,3.23191345,3.223246518,3.213801803,3.208599715,3.207759176,3.210209089,3.219271109,3.231758907,3.248573785,3.326579622,3.4585909,3.598936698,3.753297682,3.914980394,4.08152992,4.210459174,4.298483313,4.383120994,4.464811562,4.544768737,4.621804869,4.693473632,4.758251992,4.81276551,4.852705001,4.875806076,4.886108078,4.893586204,4.909491274,4.942250959,5.000122155,5.086182754,5.196735324,5.325899878,5.467242325,5.618008549,5.774977985,5.894088907,6.014041344,6.186963524,6.376858666,
East Asia & Pacific (excluding high income),EAP,Population ages 65 and above (% of total population),SP.POP.65UP.TO.ZS,3.711787311,3.651717236,3.614890565,3.572787355,3.530869351,3.508429433,3.50844502,3.526930982,3.552638568,3.579367008,3.608390473,3.641562721,3.676083354,3.717569323,3.773695374,3.835735901,3.894259323,3.956004925,4.033630259,4.123282107,4.208651221,4.284736682,4.353499265,4.418412766,4.486970647,4.563483809,4.641121336,4.712523227,4.788158198,4.878390543,4.97167968,5.062776205,5.166440868,5.28988069,5.421393122,5.559893429,5.702478022,5.850013341,6.018202649,6.195211205,6.366000973,6.530870743,6.689999606,6.841702981,6.978014868,7.108783915,7.244129169,7.37096318,7.483684398,7.596036999,7.72346432,7.876114343,8.053501053,8.259206525,8.498661715,8.797211353,9.132428516,9.506277339,9.917734276,10.3428213,10.79479256,11.22239557,11.669631,12.10620323,
Early-demographic dividend,EAR,Population ages 65 and above (% of total population),SP.POP.65UP.TO.ZS,3.228573275,3.252615059,3.288160082,3.328142593,3.365458852,3.396129414,3.421229879,3.442930287,3.464741553,3.489557041,3.514927706,3.537977701,3.564146804,3.594772192,3.623534566,3.650755324,3.675784691,3.697682328,3.717838993,3.735303026,3.746978151,3.755047611,3.763733099,3.772756341,3.781689915,3.792319759,3.805320452,3.820777275,3.839112241,3.860345947,3.881017673,3.906646975,3.938166533,3.974319222,4.01618251,4.061875649,4.109091487,4.159045963,4.210747177,4.263858599,4.317981767,4.374023851,4.43465738,4.495931203,4.552522459,4.606293167,4.657935535,4.706725082,4.755510635,4.805601338,4.86077511,4.922629711,4.992595714,5.068387658,5.161780092,5.275583144,5.403094827,5.544758784,5.699136154,5.864005177,6.013982111,6.122218353,6.25278969,6.436175348,
East Asia & Pacific,EAS,Population ages 65 and above (% of total population),SP.POP.65UP.TO.ZS,3.918903704,3.87927146,3.857631386,3.828648376,3.800624171,3.790690443,3.802334137,3.831410745,3.863219836,3.894632851,3.927315994,3.969901106,4.015496214,4.067215673,4.131755709,4.201639445,4.271073853,4.345670475,4.435430814,4.53570798,4.631400989,4.718877167,4.799299234,4.874010017,4.95579002,5.049007607,5.142119714,5.230944185,5.324491092,5.434133654,5.549430941,5.666467128,5.795857413,5.942098927,6.095641634,6.255607657,6.420699176,6.590885518,6.77939002,6.976126985,7.170736745,7.362238795,7.546690364,7.720535252,7.882122692,8.046593201,8.217735026,8.378211744,8.522718558,8.659581735,8.800601898,8.974733552,9.188952146,9.432650176,9.703622154,10.02208544,10.36830647,10.74465598,11.15210309,11.57004893,12.01746978,12.4454991,12.88385447,13.31451324,
Europe & Central Asia (excluding high income),ECA,Population ages 65 and above (% of total population),SP.POP.65UP.TO.ZS,5.907844499,5.937980907,5.95018258,5.981946878,6.039010215,6.14544866,6.25447233,6.336184783,6.449064649,6.561798633,6.646239913,6.728302078,6.822655922,6.909026312,7.004704269,7.109952575,7.212976939,7.323570952,7.41893098,7.522647955,7.54517984,7.424565919,7.271734343,7.151793498,7.075181938,7.016122568,6.97898295,6.980298572,7.027547168,7.108797774,7.214235372,7.334432221,7.49058267,7.669915934,7.870602379,8.023142592,8.129785648,8.246322894,8.325917637,8.368872208,8.449468877,8.600832504,8.808911511,9.030098819,9.216525656,9.340755862,9.419697228,9.461564451,9.370295388,9.225761282,9.099334784,8.997991995,8.992714646,9.02922055,9.110936899,9.258219497,9.425448496,9.62009416,9.824064776,10.07080325,10.34063962,10.56510288,10.73034873,10.9474691,
Europe & Central Asia,ECS,Population ages 65 and above (% of total population),SP.POP.65UP.TO.ZS,8.381078362,8.494929251,8.597007419,8.696580854,8.820457577,8.990823574,9.169892198,9.345196412,9.525620876,9.693185372,9.865326088,10.03352694,10.20640595,10.37660803,10.55315736,10.73486345,10.90284606,11.07761073,11.24761408,11.39449682,11.44533899,11.34563605,11.17733087,11.01348193,10.91747403,10.92863537,11.00113322,11.09704753,11.22375295,11.37023776,11.53617799,11.72623095,11.93991248,12.16300608,12.40643842,12.61101068,12.76720996,12.9301972,13.06298594,13.16733513,13.29793493,13.47658397,13.68332246,13.89457614,14.10896463,14.30504413,14.46485544,14.55767077,14.55523472,14.5374484,14.53156145,14.59351982,14.78552635,15.01416768,15.26918775,15.53322353,15.77946798,16.03774805,16.30089595,16.58427596,16.86892755,17.11427901,17.39571841,17.74526558,
Ecuador,ECU,Population ages 65 and above (% of total population),SP.POP.65UP.TO.ZS,4.596526034,4.523486388,4.448231251,4.373379493,4.301816068,4.234183006,4.170662321,4.111984999,4.057267302,4.004736884,3.95512906,3.908366998,3.863274414,3.822459379,3.7863302,3.751848857,3.720117111,3.695864083,3.678501253,3.661451711,3.642339947,3.622406822,3.601518819,3.580962098,3.564443752,3.554666992,3.553881951,3.563382595,3.582388334,3.617436573,3.674938104,3.755346766,3.848724546,3.949158861,4.059004606,4.173270307,4.289282585,4.405796914,4.516122502,4.61590059,4.708533564,4.801153737,4.899062844,5.002757378,5.111850679,5.222649236,5.332695496,5.445644229,5.570293106,5.704944663,5.842802418,5.975469565,6.107440609,6.263911644,6.448471916,6.639976393,6.825689466,7.003926932,7.194525673,7.407911807,7.561752665,7.670366125,7.850401627,8.092882552,
"Egypt, Arab Rep.",EGY,Population ages 65 and above (% of total population),SP.POP.65UP.TO.ZS,3.639141763,3.682583081,3.720843896,3.754748449,3.785615633,3.815097985,3.842428814,3.86655976,3.888416314,3.908788502,3.928058319,3.946469384,3.963381875,3.977868604,3.990298361,3.999450654,4.002995862,4.001390763,3.996684165,3.990485169,3.982605351,3.974108131,3.96490998,3.952748943,3.939819322,3.92830641,3.918934489,3.91078736,3.90178377,3.893296606,3.880889986,3.872828294,3.873357053,3.878564899,3.892244808,3.911845258,3.936813138,3.966186568,3.993110476,4.013727921,4.025846731,4.031367989,4.032847329,4.025081169,4.005206207,3.97614069,3.946178473,3.921954264,3.907799133,3.90865837,3.929865858,3.968255144,4.02277395,4.082748809,4.138553476,4.201294348,4.277004849,4.36669398,4.472257166,4.593528997,4.691181637,4.740911903,4.8284035,4.969685388,
Euro area,EMU,Population ages 65 and above (% of total population),SP.POP.65UP.TO.ZS,10.13059354,10.28766602,10.44449412,10.564784,10.70190227,10.89870852,11.09571269,11.30741719,11.49868986,11.65938677,11.86316817,12.0483814,12.22163189,12.39668031,12.57608811,12.76080098,12.92727117,13.09880406,13.27891148,13.43039415,13.46339586,13.35171907,13.18769097,13.01269143,12.91920131,13.02603857,13.24495528,13.46975037,13.6866311,13.87095996,14.05635365,14.26403637,14.46841584,14.67778291,14.97553826,15.22098114,15.39364665,15.60970377,15.82460078,16.04540158,16.27583962,16.51854181,16.74151138,16.94105246,17.16812253,17.42429836,17.67593741,17.85538026,17.99533333,18.16205587,18.30927938,18.49120562,18.78887578,19.13106337,19.47424966,19.7718824,20.03481386,20.30120169,20.55898748,20.82074549,21.08470953,21.37463463,21.68770114,22.02989829,
Eritrea,ERI,Population ages 65 and above (% of total population),SP.POP.65UP.TO.ZS,2.80834901,2.774934636,2.743806921,2.714880604,2.687748474,2.661891562,2.633879621,2.607480354,2.586743074,2.568593954,2.553132286,2.540406565,2.529187857,2.519570155,2.509835079,2.500621356,2.499780095,2.506837811,2.517114672,2.529629832,2.544218683,2.560578736,2.577647023,2.583372908,2.579907046,2.582009844,2.589986581,2.613110079,2.650038991,2.68794882,2.72991538,2.777939128,2.834165764,2.881670942,2.926827994,2.957634722,2.983888851,3.030572671,3.083674074,3.124123699,3.167490791,3.218510963,3.264447061,3.300830064,3.331622589,3.374605843,3.430605933,3.494102283,3.548166895,3.604973882,3.660328472,3.712308049,3.774034706,3.825885091,3.88317614,3.932673997,3.963807062,4.000940214,4.034110921,4.067580521,4.091003763,4.100611817,4.116048732,4.150960577,
Spain,ESP,Population ages 65 and above (% of total population),SP.POP.65UP.TO.ZS,8.157595846,8.33042219,8.456791489,8.528918913,8.580666205,8.739797939,8.94396715,9.099065239,9.274269896,9.42658471,9.606051249,9.777465537,9.920007799,10.07593412,10.17092715,10.28745325,10.44899724,10.60391609,10.76934968,10.93826821,11.11645909,11.27773365,11.42957368,11.58379535,11.74897576,11.95669055,12.22144644,12.53718164,12.87013125,13.20637443,13.54447574,13.85741772,14.14206783,14.42925499,14.73184645,15.05651143,15.38199861,15.70242634,16.02322283,16.29983434,16.54787741,16.81031088,16.91841551,16.81435138,16.62000377,16.54587463,16.53591901,16.4323341,16.4438826,16.62446355,16.89246019,17.16870548,17.45651708,17.85081852,18.25564484,18.54175461,18.76733888,18.99282004,19.20234084,19.38182763,19.55961609,19.81338229,20.18799925,20.65370752,
Estonia,EST,Population ages 65 and above (% of total population),SP.POP.65UP.TO.ZS,10.70942511,10.75271168,10.76119266,10.81110594,10.93629238,11.09104706,11.23042196,11.37511145,11.54298999,11.67077679,11.7651119,11.87768481,12.00915938,12.11248291,12.21525036,12.32259,12.39609261,12.46398362,12.50408459,12.51588446,12.46729515,12.28207837,12.00899587,11.79754026,11.62463022,11.42318506,11.32575494,11.32602943,11.36783022,11.47319959,11.61498398,11.82409933,12.21237726,12.6945535,13.11385539,13.51387722,13.9213997,14.31607968,14.61158126,14.7844704,14.99337508,15.28820466,15.64771084,16.02618813,16.38878207,16.72346888,17.08098825,17.37217262,17.44249009,17.43263632,17.44029153,17.5716414,17.86281884,18.19845598,18.56092881,18.88875196,19.18601602,19.4674154,19.67549053,19.89653469,20.20009484,20.4337978,20.63004619,20.91408255,
Ethiopia,ETH,Population ages 65 and above (% of total population),SP.POP.65UP.TO.ZS,2.82118948,2.799512209,2.774032899,2.74966812,2.735299631,2.732033237,2.734929745,2.748172971,2.770908724,2.791823924,2.807533172,2.819325215,2.825521913,2.826660183,2.82266626,2.813969028,2.808376612,2.805685979,2.801338122,2.796672603,2.792582004,2.788406881,2.783655561,2.766328561,2.73768616,2.717251404,2.706121942,2.709405157,2.725926382,2.735970941,2.736680778,2.751153635,2.759446653,2.746800313,2.732760816,2.70218459,2.665650798,2.646271822,2.635438174,2.621125823,2.614178822,2.615507318,2.615381418,2.617890811,2.623925227,2.634131211,2.64742578,2.662225443,2.681683582,2.70906832,2.743476123,2.783358921,2.827470629,2.86973572,2.908257701,2.935070381,2.953421368,2.977272974,3.005900657,3.038190362,3.069048909,3.093611975,3.124416232,3.17131039,
European Union,EUU,Population ages 65 and above (% of total population),SP.POP.65UP.TO.ZS,9.531671242,9.695122612,9.859892845,9.999370348,10.15470532,10.36381802,10.57860637,10.79878622,11.00069669,11.17559714,11.38122576,11.57479507,11.76412364,11.95529752,12.14670535,12.34048839,12.51365462,12.69110114,12.8690182,13.01594187,13.04846541,12.93286301,12.75659095,12.56265514,12.46195957,12.55519316,12.74690134,12.95221934,13.15970614,13.34431281,13.53127438,13.73426641,13.93230182,14.13668379,14.40988476,14.6483768,14.83170816,15.04420018,15.25328441,15.46442477,15.68636293,15.91647472,16.13275999,16.32664326,16.5414436,16.77800233,17.00794856,17.18150226,17.32647254,17.49690141,17.65375975,17.85051801,18.16025896,18.51024312,18.86886034,19.19624384,19.49415299,19.79096002,20.08078002,20.37634559,20.67194994,20.97384051,21.27643586,21.61273949,
Fragile and conflict affected situations,FCS,Population ages 65 and above (% of total population),SP.POP.65UP.TO.ZS,3.907832692,3.92740915,3.936063246,3.945888978,3.960379075,3.991793953,4.022274335,4.040960311,4.073812213,4.106555878,4.124429211,4.144496197,4.174590105,4.198302238,4.222773528,4.249104332,4.274880594,4.306511813,4.331479355,4.338474658,4.323854754,4.288813565,4.245114997,4.211943934,4.189269498,4.163471906,4.143965468,4.137719419,4.140859078,4.145451558,4.139511115,4.142373456,4.142948211,4.141245759,4.144660991,4.127809036,4.102314425,4.087209325,4.056891241,4.013136956,3.983000239,3.973000985,3.97681318,3.986104352,3.989448772,3.97911471,3.96395051,3.950225549,3.918586282,3.884625793,3.856586459,3.832540746,3.827346612,3.825068367,3.831465643,3.853899129,3.878479985,3.908758565,3.940272554,3.972828274,3.99956213,4.014701314,4.005922801,4.011371238,
Finland,FIN,Population ages 65 and above (% of total population),SP.POP.65UP.TO.ZS,7.302877174,7.431794925,7.533800169,7.665313446,7.854026533,8.039349272,8.223001429,8.409333074,8.58948181,8.841578137,9.150523033,9.422538731,9.694919667,9.990817449,10.29575586,10.61080819,10.92194175,11.23541218,11.52019487,11.76848943,11.97403538,12.11172729,12.23303159,12.35036541,12.394933,12.48452627,12.67969026,12.86256098,13.04353056,13.22290253,13.38494859,13.54142899,13.68675612,13.83147245,14.01219053,14.21616127,14.39829891,14.54987184,14.6626072,14.77047985,14.91645949,15.07675159,15.24539923,15.45673231,15.72218308,15.93519697,16.23270008,16.48606182,16.62904778,16.87962582,17.25941648,17.82139106,18.44995859,19.07335707,19.66610481,20.20906187,20.68380333,21.14574733,21.61548145,22.06139384,22.49068289,22.87495657,23.22876721,23.57787472,
Fiji,FJI,Population ages 65 and above (% of total population),SP.POP.65UP.TO.ZS,3.398351394,3.241572044,3.10229214,2.977537637,2.868825186,2.779455938,2.708191586,2.653583832,2.617737399,2.593428918,2.577430213,2.574283225,2.581748559,2.590116269,2.602960236,2.629508982,2.660138148,2.690593086,2.727780673,2.764641369,2.79598333,2.821873512,2.837407598,2.851551458,2.866570777,2.882441246,2.919630031,2.94660981,2.949396828,2.957181129,2.962889685,2.967847358,2.978559769,2.99549957,3.019800672,3.051095092,3.087562104,3.149093412,3.237793514,3.336867718,3.437767939,3.535798191,3.626888659,3.716209197,3.815278728,3.920084227,4.030142677,4.147546534,4.264228763,4.376575522,4.502267637,4.650880049,4.794252166,4.934509373,5.082256729,5.208376425,5.328906857,5.47733708,5.644366428,5.820857919,5.987072701,6.103668441,6.209281483,6.343048795,
France,FRA,Population ages 65 and above (% of total population),SP.POP.65UP.TO.ZS,11.51250674,11.59780491,11.72835887,11.82490759,11.94182436,12.0960543,12.27005125,12.46698305,12.63101547,12.74749259,12.85774282,12.97170149,13.07843817,13.19008148,13.31823057,13.46362709,13.58361321,13.70815488,13.85522272,13.97895419,13.92632136,13.63973249,13.31061112,13.03552876,12.83886115,12.89415537,13.13862371,13.36464165,13.57736874,13.77568176,13.98277093,14.20661981,14.42164321,14.63572515,14.86171266,15.10082029,15.32956263,15.53989881,15.72664802,15.88091979,16.00864583,16.1191469,16.21511062,16.28332192,16.36569948,16.43773183,16.44179971,16.46228814,16.5489942,16.66032923,16.78228182,17.05547201,17.48309597,17.92957802,18.38787321,18.85162696,19.28466417,19.67084868,20.03942106,20.41008888,20.7474409,21.05075397,21.37734912,21.74914239,
Faroe Islands,FRO,Population ages 65 and above (% of total population),SP.POP.65UP.TO.ZS,7.937880009,8.035882225,8.128593084,8.219603854,8.310202943,8.398217184,8.466312659,8.514441622,8.554313099,8.606703336,8.675542548,8.749967703,8.839109069,8.933684861,9.041041241,9.168669501,9.322395446,9.492747507,9.69190812,9.904517768,10.11457692,10.34715934,10.58047135,10.81138559,11.04649875,11.25445669,11.40506288,11.52749228,11.63065586,11.69252142,11.86811799,12.19882092,12.57102504,12.97344603,13.36072718,13.60235412,13.67000928,13.69779973,13.66663697,13.59047229,13.52094169,13.43641869,13.3886433,13.35624743,13.28578123,13.33836499,13.52434051,13.77748896,14.10779826,14.44672448,14.86210154,15.30541995,15.68692687,16.08446649,16.5310731,16.89590641,17.13867434,17.30788369,17.39428616,17.48791991,17.68609814,17.8358349,17.79267186,17.72597257,
"Micronesia, Fed. Sts.",FSM,Population ages 65 and above (% of total population),SP.POP.65UP.TO.ZS,3.403311581,3.392737054,3.375344837,3.34387567,3.300021349,3.259443409,3.219633545,3.179408132,3.149286835,3.120105695,3.089677879,3.061687268,3.038818193,3.020191917,2.999307969,2.972778573,2.937790104,2.905883849,2.885732154,2.871266022,2.851809268,2.829142359,2.806528905,2.785798216,2.769684317,2.76176887,2.75885614,2.752429001,2.745722039,2.742846176,2.742136121,2.738106245,2.894381551,3.21063643,3.473298189,3.531252835,3.432827058,3.330302239,3.232699603,3.148294897,3.154118025,3.263012224,3.379784434,3.457273901,3.484460646,3.463720246,3.411482087,3.354553356,3.30375953,3.260542343,3.254618071,3.308789393,3.406247104,3.549280664,3.723384627,3.914805157,4.111868494,4.306206985,4.52281195,4.772764368,5.033966993,5.287369708,5.519406673,5.731129667,
Gabon,GAB,Population ages 65 and above (% of total population),SP.POP.65UP.TO.ZS,7.800947072,7.815002335,7.820759995,7.818956369,7.810536204,7.794680112,7.771934286,7.743097239,7.708599458,7.656323936,7.589215661,7.522086436,7.454103324,7.383412027,7.30896933,7.230929769,7.149129021,7.062271653,6.971231412,6.877673952,6.780698273,6.680240582,6.576576805,6.470239721,6.362739817,6.256142571,6.150928035,6.046085026,5.942135538,5.840122239,5.74077952,5.644682997,5.551433217,5.461248522,5.375070623,5.292898717,5.214819251,5.139746894,5.066493472,4.994543516,4.922887566,4.85213485,4.783646251,4.716860678,4.648044803,4.575827044,4.502309497,4.429786585,4.36013502,4.294378282,4.233262921,4.17815082,4.129835597,4.083042939,4.042105753,4.016875148,4.002916718,3.99443646,3.990837662,3.992603978,3.993065348,3.9954189,4.011338901,4.041832937,
United Kingdom,GBR,Population ages 65 and above (% of total population),SP.POP.65UP.TO.ZS,11.69548394,11.75909437,11.80406305,11.89982874,12.05652722,12.21853326,12.37397475,12.54381257,12.72487122,12.90765354,13.10639746,13.31070314,13.50280003,13.69532125,13.9059638,14.11388987,14.29987948,14.48720753,14.68249095,14.85618245,14.99417852,15.07210473,15.06261787,14.97186482,14.95416046,15.11474464,15.3124936,15.45618758,15.6504024,15.81231331,15.87234679,15.92557367,15.9641386,15.97637025,15.98198724,15.99411823,15.99366382,15.97799165,15.94573794,15.90464242,15.88975785,15.90913706,15.93145607,15.94404901,15.96075248,15.95783676,15.93118777,15.94856621,16.03670554,16.18019632,16.33838537,16.58746499,16.97334404,17.32790658,17.58408439,17.7699802,17.91620257,18.07341362,18.25575007,18.45795809,18.60579533,18.71864877,18.93031472,19.23812911,
Georgia,GEO,Population ages 65 and above (% of total population),SP.POP.65UP.TO.ZS,7.463108688,7.314093376,7.181291386,7.076877169,7.011914785,6.990697448,7.070553189,7.228180355,7.385339258,7.546887769,7.715638143,7.842258714,7.927958572,8.03956051,8.178905842,8.330105039,8.482022393,8.624371259,8.773230506,8.922277856,9.001139473,8.992705133,8.936621053,8.856881996,8.777155729,8.706472219,8.641742138,8.590140682,8.586579858,8.687831505,8.902556357,9.18154341,9.522755807,9.939068661,10.37060729,10.7696443,11.14806946,11.49804067,11.81167459,12.0977771,12.40642525,12.79191208,13.23089412,13.69787856,14.13095695,14.50941363,14.77597848,14.77733334,14.50647399,14.09373273,13.75291025,13.61385563,13.66202352,13.85386408,14.02932652,14.14194243,14.2606638,14.37438091,14.51830982,14.70447208,14.88748519,14.98884373,15.0869213,15.31745832,
Ghana,GHA,Population ages 65 and above (% of total population),SP.POP.65UP.TO.ZS,2.928928566,2.968000814,3.12702431,3.256098635,3.355512924,3.417423121,3.449975547,3.463376609,3.464026312,3.442776918,3.361548318,3.174690702,2.971391645,2.83701369,2.733751888,2.652820245,2.578237311,2.568340598,2.634025132,2.71205114,2.681701583,2.555869247,2.515379254,2.565857215,2.592832575,2.582293197,2.580464828,2.581889737,2.584492485,2.591962817,2.609578907,2.637318166,2.673888562,2.717070941,2.763921982,2.816811513,2.878252532,2.944389777,3.012799124,3.080831199,3.140812077,3.191599215,3.236919006,3.278084568,3.312537171,3.33811029,3.359619859,3.378508899,3.387819915,3.385952459,3.379786794,3.369980971,3.356450542,3.34807586,3.350542591,3.358798205,3.369365772,3.385157347,3.407287216,3.436411562,3.468706489,3.506690696,3.56150287,3.631814915,
Gibraltar,GIB,Population ages 65 and above (% of total population),SP.POP.65UP.TO.ZS,8.368057145,8.492787417,8.55070505,8.55253038,8.546000429,8.612530363,8.705790906,8.728937216,8.691232529,8.686663732,8.746339266,8.900649507,9.100569816,9.289488497,9.481345367,9.632929054,9.781584887,9.938162544,10.05941081,10.15415843,10.23347457,10.29401531,10.45193812,10.74374413,11.05331145,11.36012907,11.70729124,12.04085991,12.34958152,12.64908236,12.86029412,13.06788609,13.28571163,13.48565729,13.73949117,13.98619279,14.14668753,14.3245595,14.57866184,14.86349848,15.13046303,15.38670138,15.59951134,15.69993634,15.76876197,15.81943182,15.7362979,15.50664023,15.28483354,15.23213185,15.58019713,16.03758686,16.37110119,16.71218082,17.02069302,17.32921594,17.52306253,17.54880346,17.51305446,17.46069758,17.42459846,17.32843171,17.33737487,17.47052937,
Guinea,GIN,Population ages 65 and above (% of total population),SP.POP.65UP.TO.ZS,4.411317751,4.332540141,4.260799892,4.196558503,4.140614927,4.093025025,4.053941389,4.023361984,3.99962414,3.981516802,3.968698799,3.960770578,3.9572549,3.958115746,3.965027912,3.979113752,3.999801566,4.025678965,4.054898328,4.084723949,4.112844197,4.138645927,4.16130278,4.180452904,4.19612213,4.20731422,4.213110546,4.213392857,4.208741131,4.200513481,4.18832508,4.171959018,4.152354677,4.129688129,4.104596434,4.077357699,4.048199268,4.026977685,4.007905231,3.982669102,3.959060043,3.943724561,3.924797432,3.894611766,3.861928732,3.826870547,3.792162211,3.757606706,3.722177568,3.687560781,3.650474804,3.612685222,3.581542067,3.556772848,3.531179148,3.508366994,3.49199828,3.477703528,3.465791678,3.456924498,3.444339966,3.431282987,3.431040907,3.441057937,
"Gambia, The",GMB,Population ages 65 and above (% of total population),SP.POP.65UP.TO.ZS,2.683895247,2.693492774,2.702406807,2.711247299,2.720611602,2.730114935,2.739607612,2.749860877,2.759914309,2.76990149,2.779691092,2.788994193,2.798134577,2.806859892,2.905862482,3.092677324,3.283378605,3.480728433,3.679566724,3.8706488,4.046638703,4.198948622,4.328160861,4.458512948,4.46894557,4.362164881,4.269481818,4.19062379,4.123286817,4.060631379,3.998689669,3.938010417,3.868512307,3.75570637,3.617425145,3.49233279,3.379179744,3.277604313,3.185614679,3.101119596,3.023329573,2.95228597,2.887104242,2.828643174,2.778676399,2.736921856,2.702976869,2.67772169,2.662537984,2.656214724,2.656556437,2.660824631,2.662627695,2.652580224,2.629464715,2.614823183,2.619857214,2.638621392,2.670596992,2.715088952,2.766231002,2.821282297,2.889792033,2.977857702,
Guinea-Bissau,GNB,Population ages 65 and above (% of total population),SP.POP.65UP.TO.ZS,4.041583533,4.073510125,4.083301384,4.104606611,4.148634849,4.213698825,4.258366665,4.255453761,4.223584759,4.226457592,4.255115267,4.308020617,4.388023242,4.464771448,4.595749329,4.737651429,4.815392893,4.835401418,4.809683533,4.752353277,4.758456655,4.836357615,4.906232219,4.969974425,5.024679718,5.068633922,5.102855799,5.127621411,5.145792045,5.156508815,5.162788811,5.049920097,4.830059081,4.629681665,4.444976583,4.274746317,4.11845724,3.971575529,3.834278267,3.707261408,3.590187574,3.482671872,3.382048115,3.287974122,3.200555736,3.119495681,3.045497341,2.979733429,2.922574408,2.87566571,2.839250447,2.812521668,2.796689993,2.792349878,2.799889152,2.819520095,2.849810865,2.888968268,2.934161565,2.982981111,3.018941962,3.046761978,3.090292273,3.14256139,
Equatorial Guinea,GNQ,Population ages 65 and above (% of total population),SP.POP.65UP.TO.ZS,5.60605471,5.578847235,5.546477527,5.510289721,5.468200074,5.420335437,5.365923263,5.305719921,5.245751509,5.180200083,5.107807595,5.044320194,4.996316259,4.953660743,4.907561544,4.856522109,4.796632394,4.742050517,4.701108919,4.648619868,4.600311457,4.571782827,4.54585659,4.479930581,4.375177275,4.272890205,4.178480142,4.093869668,4.015457715,3.939615835,3.867384676,3.798320864,3.732012452,3.667388019,3.605368108,3.547399755,3.493391655,3.443060628,3.39561697,3.349300225,3.326560298,3.343066579,3.390157615,3.464358903,3.561663777,3.595808171,3.559928227,3.521713364,3.479433487,3.433162539,3.384198775,3.335707507,3.291771133,3.258090443,3.250686245,3.268536229,3.29999085,3.342655557,3.391348299,3.441281972,3.482877781,3.52077981,3.567501781,3.623422166,
Greece,GRC,Population ages 65 and above (% of total population),SP.POP.65UP.TO.ZS,7.205845459,7.489840774,7.726436311,7.739802966,7.751973718,8.639374945,8.875300168,9.114069746,9.367948789,9.712923953,10.60484402,10.70084201,11.01115242,11.33502373,11.66551351,11.94609628,12.17294278,12.4102822,12.67837324,12.86974648,12.79056819,12.6970213,12.75634386,12.78338188,12.77548703,12.83241259,12.95443817,13.07305728,13.19083858,13.33549911,13.63804916,14.05918357,14.43501669,14.79865959,15.17451387,15.52808809,15.87116181,16.18278484,16.47649753,16.75980887,17.02535605,17.26438046,17.5345403,17.83265258,18.1032231,18.32481456,18.48934154,18.60483002,18.71140156,18.88299397,19.15788963,19.50738616,19.88909603,20.29151841,20.69706729,21.0794802,21.3988877,21.65633743,21.89663375,22.1273853,22.39343273,22.83895334,23.22817427,23.48299802,
Grenada,GRD,Population ages 65 and above (% of total population),SP.POP.65UP.TO.ZS,3.890173564,3.850087323,3.826199741,3.802664746,3.762274959,3.708198008,3.661786662,3.630208227,3.610919936,3.604213656,3.607210356,3.704586003,3.906779918,4.125784507,4.363078829,4.624666245,4.908764077,5.221738346,5.567756439,5.949314064,6.369396433,6.687258113,6.810512431,6.857437755,6.902762362,6.953938675,6.996554414,7.032996329,7.06805617,7.102970627,7.146072811,7.199904755,7.268593475,7.363110703,7.479335838,7.612473404,7.76265968,7.926415211,8.104500561,8.293590188,8.491312319,8.663542834,8.804985033,8.942085155,9.07224039,9.194009177,9.299538292,9.388218582,9.467428942,9.543926511,9.635617371,9.713684098,9.77215594,9.851789192,9.952116637,10.0670585,10.20368279,10.36357179,10.54749289,10.75818126,10.98580896,11.22785217,11.5213877,11.8704145,
Greenland,GRL,Population ages 65 and above (% of total population),SP.POP.65UP.TO.ZS,2.027753119,2.085764731,2.150382451,2.200311943,2.227925664,2.248648088,2.301899067,2.378162933,2.455558023,2.527357999,2.588804575,2.68172043,2.797409962,2.90660108,3.005840977,3.099356334,3.194127967,3.297156065,3.400970845,3.48221729,3.550154159,3.59927837,3.626872358,3.628264091,3.613278466,3.620492004,3.635128723,3.645962905,3.671566346,3.711302933,3.794680975,3.919562818,4.061664843,4.204740084,4.335426009,4.477117453,4.615260987,4.737118869,4.853115344,4.943924318,5.048168871,5.163000124,5.246324569,5.33372092,5.44226055,5.634816811,5.906034369,6.178014159,6.438290888,6.662951266,6.856900617,7.054693892,7.246644827,7.41156902,7.543659765,7.716749076,7.952944114,8.18337465,8.385422704,8.584444761,8.844586703,9.186049624,9.578410623,10.11936162,
Guatemala,GTM,Population ages 65 and above (% of total population),SP.POP.65UP.TO.ZS,2.200334699,2.217022068,2.232699593,2.24274953,2.248917905,2.256860572,2.265915135,2.27225619,2.273817208,2.270328344,2.26913624,2.281453403,2.307510857,2.340897426,2.38499919,2.438620654,2.489578883,2.545819431,2.610365198,2.669774172,2.715568542,2.750313664,2.804975691,2.872766444,2.921992889,2.965638274,3.024160624,3.098655822,3.179118058,3.260782862,3.335934322,3.416059828,3.49641548,3.568722363,3.612651391,3.627098275,3.645802748,3.670966221,3.696302544,3.718154612,3.738153972,3.752745955,3.761163372,3.767243901,3.773122761,3.781189235,3.793069565,3.810862699,3.835542348,3.865451158,3.898393892,3.934681328,3.976749886,4.029014116,4.089703142,4.151885614,4.215997409,4.289389672,4.374330875,4.468746058,4.545121309,4.576811159,4.629892396,4.73474038,
Guam,GUM,Population ages 65 and above (% of total population),SP.POP.65UP.TO.ZS,1.550510244,1.546756789,1.53772586,1.536720154,1.543336125,1.55830335,1.578976665,1.603007755,1.629554297,1.651534353,1.684490466,1.736001724,1.795527915,1.868508095,1.961532709,2.071534571,2.187493822,2.314662433,2.449169303,2.591128474,2.710628697,2.78515881,2.858414498,2.935232494,3.021784382,3.125692394,3.228461499,3.334398595,3.454832285,3.612310796,3.812495491,4.015637239,4.194780062,4.342497777,4.468527567,4.592331453,4.715136739,4.837402328,4.95625236,5.074894655,5.22225346,5.406636728,5.598989619,5.78350032,5.949899121,6.083393413,6.177846262,6.242323029,6.298093462,6.372274678,6.552307059,6.870898206,7.259041487,7.675344121,8.108238763,8.546764946,8.984768637,9.42748792,9.876474909,10.33107139,10.7712848,11.19373359,11.64123986,12.11694438,
Guyana,GUY,Population ages 65 and above (% of total population),SP.POP.65UP.TO.ZS,3.430245123,3.534780489,3.525926573,3.525340283,3.531964273,3.544718545,3.560953462,3.578228355,3.592638138,3.600717739,3.618875359,3.633068692,3.63003946,3.629316396,3.636916686,3.655923788,3.684332266,3.71888898,3.754714156,3.784954978,3.808788339,3.820576506,3.820079914,3.81670879,3.816442345,3.824741373,3.843780351,3.873276532,3.907190486,3.936531698,3.950094247,3.956684464,3.953602494,3.93292114,3.906080999,3.87394307,3.842669416,3.821018059,3.814896957,3.824087651,3.844177545,3.873887721,3.906687863,3.955895775,4.024367211,4.09599508,4.172977332,4.261089065,4.362671141,4.478761963,4.613373391,4.769464172,4.911773396,5.033989026,5.167992745,5.312336498,5.463900108,5.623839834,5.683555986,5.798815103,6.001128199,6.081250107,6.222455902,6.479555347,
High income,HIC,Population ages 65 and above (% of total population),SP.POP.65UP.TO.ZS,8.187242172,8.299154132,8.399596474,8.49195076,8.600447508,8.74678588,8.902927863,9.056941458,9.205205681,9.342062181,9.488029257,9.630891922,9.783252711,9.938899007,10.09960856,10.26803878,10.4338628,10.60826022,10.78558314,10.94480852,11.04498536,11.05295033,11.01554965,10.97576227,10.98641537,11.08010833,11.21616108,11.36587163,11.52786995,11.70063103,11.88886182,12.08443659,12.28434401,12.48201768,12.68401328,12.86610271,13.01972214,13.17296357,13.30560263,13.42349675,13.55856771,13.71795735,13.88788898,14.0568979,14.24044252,14.43780028,14.62617551,14.78016035,14.90154335,15.01837477,15.14063426,15.3232149,15.62774411,15.95833402,16.29645826,16.60871779,16.90269687,17.21521629,17.54317604,17.87573802,18.20266262,18.54953789,18.86497224,19.23443369,
"Hong Kong SAR, China",HKG,Population ages 65 and above (% of total population),SP.POP.65UP.TO.ZS,2.727216475,2.796070086,2.741768197,2.563095259,2.460532486,2.481298733,2.600564366,2.828421981,3.227176089,3.690597657,4.168101637,4.50893354,4.691006886,4.854417094,5.029992109,5.234164373,5.470512188,5.714644509,5.950387547,6.175954092,6.415194487,6.643043986,6.832933535,7.005588138,7.19175151,7.431308566,7.686703661,7.926377206,8.156260718,8.376632096,8.619775898,8.873670198,9.111291816,9.354447843,9.619792192,9.950262287,10.25073685,10.44759407,10.65812527,10.88730949,11.1115337,11.3611589,11.62601536,11.88809032,12.13608678,12.36361339,12.54861068,12.66827994,12.78284886,12.96144585,13.19757176,13.48694685,13.83827328,14.26045192,14.77734717,15.38259582,15.99508613,16.57073847,17.19634888,17.95252566,18.82526257,19.75489944,20.68442381,21.64525686,
Honduras,HND,Population ages 65 and above (% of total population),SP.POP.65UP.TO.ZS,3.232762383,3.213116841,3.204809024,3.201220021,3.193598732,3.178566493,3.157167026,3.130964881,3.101667858,3.071765467,3.043227496,3.014641137,2.985081267,2.954564058,2.928412987,2.949564611,3.012575365,3.075128702,3.131354812,3.172740995,3.198416065,3.209842319,3.209578935,3.206030444,3.2095071,3.224229864,3.24814072,3.279155229,3.27025375,3.221307361,3.17573298,3.133792316,3.09364792,3.056175366,3.025670871,3.002794166,2.986523946,2.976782582,2.968217712,2.960738934,2.955597811,2.952355825,2.95329556,2.956970103,2.960688626,2.964121318,2.969615893,2.979259773,2.994763115,3.017735812,3.049452971,3.091404884,3.14809629,3.222016637,3.315270206,3.422686595,3.535285443,3.651470752,3.769969936,3.889835642,3.994094454,4.070641664,4.166650739,4.292723308,
Heavily indebted poor countries (HIPC),HPC,Population ages 65 and above (% of total population),SP.POP.65UP.TO.ZS,3.032545766,3.025060086,3.023011992,3.021334988,3.020433643,3.020208898,3.020944772,3.023299465,3.027074356,3.03065027,3.03218641,3.029341051,3.025181121,3.022768252,3.021789234,3.022840036,3.025131858,3.030340113,3.037524734,3.044625551,3.047605659,3.046223945,3.045409983,3.043533282,3.03910308,3.034041711,3.029935807,3.032531048,3.032155067,3.022529879,3.012895978,3.003623201,2.990267499,2.973399042,2.954773798,2.934689158,2.917791081,2.904131266,2.892164839,2.883485674,2.878312801,2.874411079,2.869793215,2.864070791,2.857534836,2.850466547,2.843915647,2.838781278,2.834619314,2.832290291,2.83339404,2.837851398,2.845854604,2.854079821,2.859846736,2.866151889,2.875571655,2.888598337,2.905697356,2.926524489,2.942506847,2.951895661,2.970038157,3.000758765,
Croatia,HRV,Population ages 65 and above (% of total population),SP.POP.65UP.TO.ZS,7.263281546,7.37795397,7.507472361,7.667916142,7.874608521,8.122565469,8.395283224,8.669367714,8.925777508,9.171659508,9.42420502,9.684549353,9.947317532,10.21473028,10.48529837,10.75052652,10.99910319,11.22260652,11.41402201,11.53562199,11.50816992,11.28928639,10.95379424,10.64924365,10.53373781,10.61719873,10.77968675,10.96035684,11.1532341,11.36394728,11.59886045,11.91599569,12.31601558,12.74273388,13.18961937,13.67362578,14.16573092,14.61912112,15.05154175,15.48099763,15.91673294,16.31378392,16.66296815,16.97640599,17.24017243,17.47211254,17.64971732,17.80905012,17.93000583,17.94454302,17.87755146,17.94820343,18.20046856,18.47659254,18.81223962,19.23112363,19.65811935,20.13544322,20.6682803,21.18221639,21.66617602,22.10066733,22.48470512,22.81536546,
Haiti,HTI,Population ages 65 and above (% of total population),SP.POP.65UP.TO.ZS,3.272291016,3.293675957,3.327790099,3.370960584,3.422712219,3.483149911,3.549554122,3.621150724,3.695170467,3.767221752,3.835215214,3.898009091,3.954024082,4.003195195,4.046057061,4.082359474,4.111953065,4.134757852,4.150424427,4.158343304,4.158433882,4.151064211,4.136550823,4.115754476,4.089134866,4.056817936,4.019800759,3.9791253,3.934916601,3.887282429,3.837300518,3.786632469,3.736878677,3.690159924,3.649465731,3.617187915,3.593084034,3.576602263,3.568394116,3.569248375,3.57857517,3.597397704,3.627027428,3.663764183,3.701029925,3.738558589,3.777932596,3.818288679,3.860064048,3.902315482,3.914556679,3.925348341,3.966316809,4.013426446,4.061100515,4.111166697,4.168563862,4.231095475,4.298817887,4.370381596,4.434211491,4.484255515,4.540719667,4.618154135,
Hungary,HUN,Population ages 65 and above (% of total population),SP.POP.65UP.TO.ZS,9.037135141,9.265613615,9.502691671,9.762619224,10.05832691,10.35334957,10.6489324,10.93420418,11.17889679,11.37585348,11.54608812,11.72551368,11.95026731,12.20043183,12.44584205,12.66644237,12.85216916,13.04986158,13.23407711,13.39004669,13.38032222,13.10648824,12.74426348,12.37712851,12.23458872,12.37229272,12.57756801,12.81032982,13.05027014,13.24086631,13.41221763,13.5930678,13.73213682,13.86164932,14.00983874,14.18408476,14.3459065,14.48900903,14.64887856,14.78584381,14.90796003,15.0282983,15.1445305,15.25938912,15.37774281,15.52568692,15.68633772,15.87376981,16.07848806,16.30355837,16.49832949,16.70261418,16.99204457,17.321549,17.68630178,18.05599047,18.43826614,18.77974938,19.12923293,19.60292299,20.09067377,20.40501349,20.60755931,20.81908428,
IBRD only,IBD,Population ages 65 and above (% of total population),SP.POP.65UP.TO.ZS,3.933187265,3.929333508,3.93713033,3.945796307,3.956555729,3.979726184,4.010800594,4.044559077,4.085346522,4.127965471,4.167287939,4.210782658,4.260631337,4.312814121,4.372122721,4.43439785,4.493566439,4.554094774,4.61795021,4.682861993,4.732069468,4.752968606,4.7604338,4.771072617,4.791703621,4.819222597,4.851780994,4.889954178,4.939140662,5.00459432,5.076414725,5.151375379,5.24080368,5.342872477,5.448024663,5.553460771,5.656837312,5.761061707,5.86671284,5.968391475,6.071338293,6.180613953,6.29686724,6.413309658,6.518443015,6.614110612,6.705865271,6.785368134,6.84426687,6.899235752,6.967844072,7.063409007,7.188653177,7.334638569,7.514833684,7.741152478,7.990064343,8.264483138,8.560677956,8.870320864,9.18272243,9.448656639,9.733388264,10.0500083,
IDA & IBRD total,IBT,Population ages 65 and above (% of total population),SP.POP.65UP.TO.ZS,3.793337252,3.787351365,3.792413658,3.799203493,3.808048028,3.827346927,3.853647209,3.882515297,3.917423376,3.953824442,3.987176988,4.021777386,4.061245419,4.10413009,4.152839151,4.204310702,4.253446007,4.303819426,4.356788841,4.410102721,4.449545945,4.465220574,4.469898026,4.476921619,4.491997448,4.512561106,4.537162642,4.56670708,4.604776135,4.654900553,4.709762604,4.766674407,4.834078655,4.910641205,4.988962159,5.06653544,5.142055491,5.218236114,5.295552843,5.370033123,5.445628436,5.525905047,5.61112737,5.696165016,5.772040333,5.840001371,5.904262772,5.958425314,5.997107202,6.033465508,6.08102293,6.150402925,6.243843884,6.353011094,6.487068145,6.655285859,6.840132096,7.043587745,7.262636682,7.49000025,7.713889534,7.898706514,8.098932154,8.324539176,
IDA total,IDA,Population ages 65 and above (% of total population),SP.POP.65UP.TO.ZS,3.123697422,3.116560779,3.113702316,3.113050943,3.114864139,3.118542664,3.124770009,3.133755635,3.144534633,3.155183433,3.163600054,3.158941494,3.153629111,3.159084855,3.165867126,3.175280862,3.186602644,3.199677075,3.21389938,3.227378783,3.235428529,3.238741787,3.241821467,3.244386564,3.246817095,3.2494969,3.252293606,3.257485594,3.261546812,3.261923291,3.262044755,3.26187675,3.260463014,3.258547691,3.255340725,3.24982173,3.244809334,3.241384473,3.239880566,3.241651366,3.246565269,3.253230698,3.261451701,3.270840056,3.279743573,3.288247007,3.297066998,3.306373645,3.317045554,3.330549826,3.348549212,3.3726893,3.402164309,3.42941028,3.45750061,3.489371802,3.52632394,3.567890841,3.615576575,3.666043425,3.705903217,3.737746398,3.783039775,3.841959531,
IDA blend,IDB,Population ages 65 and above (% of total population),SP.POP.65UP.TO.ZS,3.130476922,3.13774412,3.146896717,3.157681873,3.168235126,3.177641466,3.18865356,3.201101952,3.213719167,3.224597357,3.231102573,3.230800523,3.227227449,3.224350867,3.221052079,3.218045555,3.21580655,3.215426404,3.218101405,3.220715446,3.211670555,3.198294876,3.191371423,3.187968104,3.187725318,3.188336143,3.188724579,3.189446214,3.19157458,3.195915479,3.201087577,3.207699525,3.218973672,3.234098914,3.248679942,3.259653455,3.266810897,3.271241194,3.274320289,3.27825583,3.282341524,3.28658454,3.293449526,3.300996445,3.306591269,3.310692053,3.313983175,3.315794903,3.3179891,3.322086771,3.329185915,3.340591865,3.353410308,3.362657608,3.369184167,3.383040164,3.403877192,3.429582713,3.465786124,3.507762402,3.536896607,3.56105039,3.603752916,3.659384168,
Indonesia,IDN,Population ages 65 and above (% of total population),SP.POP.65UP.TO.ZS,2.446876741,2.515629012,2.58232241,2.646717138,2.710383387,2.760270703,2.812560031,2.882196997,2.953520624,3.023836556,3.091719231,3.157040403,3.221647921,3.285900946,3.349568286,3.412102715,3.471985708,3.528693459,3.58006745,3.624414367,3.661894759,3.692479409,3.717897771,3.741668217,3.766469626,3.795094605,3.829608656,3.869822398,3.915823378,3.970031803,4.035267963,4.110992845,4.196386754,4.290592749,4.389700533,4.490748539,4.592306766,4.694402448,4.798250058,4.904141584,5.012499665,5.122759015,5.233651568,5.342560742,5.443557633,5.536387426,5.62191136,5.698063278,5.766183123,5.827336102,5.881117542,5.929751915,5.972032088,6.009686836,6.041340635,6.081847278,6.148563563,6.23843351,6.350959337,6.485678794,6.607905277,6.687010658,6.82466626,7.048540778,
IDA only,IDX,Population ages 65 and above (% of total population),SP.POP.65UP.TO.ZS,3.12071592,3.107241603,3.099091932,3.093391042,3.091336667,3.092471776,3.096567082,3.104012593,3.113972774,3.124500043,3.13371571,3.127039375,3.120869144,3.129993971,3.141226065,3.156117402,3.173452236,3.192543179,3.211986161,3.230428638,3.246430727,3.257724871,3.265682278,3.271166463,3.274948005,3.278745138,3.282853507,3.290364616,3.295541129,3.294149975,3.291971589,3.28861519,3.280971716,3.270624883,3.258630519,3.24496365,3.233928669,3.226604824,3.222812915,3.223490655,3.228774086,3.236592903,3.245474477,3.255771262,3.266300266,3.276987645,3.288568794,3.301626579,3.316568325,3.334845907,3.358412241,3.389074286,3.427071242,3.463541039,3.502636729,3.543627508,3.588609091,3.638018636,3.691288018,3.74575073,3.790718869,3.826183719,3.872537378,3.93276736,
Isle of Man,IMN,Population ages 65 and above (% of total population),SP.POP.65UP.TO.ZS,17.6219612,18.04090731,18.23036477,18.36788672,18.56423174,18.85724553,19.11189493,19.26711892,19.42220247,19.63253719,19.87811825,20.05777376,20.13893126,20.19534469,20.2778224,20.39893928,20.51193416,20.56881583,20.60546327,20.63916254,20.641894,20.6212459,20.51741863,20.33173192,20.31056286,20.47561373,20.51688294,20.33111523,20.04109147,19.74996312,19.4729816,19.23619617,19.02677194,18.82113563,18.62494379,18.44280061,18.21576044,17.86816442,17.48837335,17.15525368,16.883649,16.73727705,16.71292971,16.74781227,16.8329272,16.95707126,17.05482352,17.11410843,17.20600516,17.36928725,17.58670848,17.99306728,18.60567146,19.20693118,19.74014364,20.24391995,20.67069226,21.01328804,21.31900651,21.59153848,21.85728646,22.04671514,22.30067038,22.7129881,
India,IND,Population ages 65 and above (% of total population),SP.POP.65UP.TO.ZS,3.299052467,3.338526097,3.395097885,3.458201986,3.512548071,3.551987047,3.578752279,3.594408714,3.609190733,3.632941252,3.660928581,3.69483318,3.735486521,3.777392548,3.815397365,3.847431563,3.875360628,3.897928762,3.917732357,3.934430292,3.947377478,3.959097838,3.969620391,3.978264964,3.984698673,3.990214789,3.995601358,4.001867551,4.010392655,4.022080864,4.037870481,4.058414114,4.083406202,4.112482902,4.146189255,4.183559236,4.223779766,4.266984076,4.312875779,4.361230813,4.41058747,4.461284263,4.516276222,4.573366764,4.626022675,4.674675099,4.721899081,4.770003428,4.822078973,4.878094209,4.940447191,5.012405739,5.09338826,5.182627727,5.307154613,5.469213078,5.641730853,5.82470529,6.019259514,6.223473041,6.416853023,6.545790693,6.698999754,6.921843301,
Not classified,INX,Population ages 65 and above (% of total population),SP.POP.65UP.TO.ZS,,,,,,,,,,,,,,,,,,,,,,,,,,,,,,,,,,,,,,,,,,,,,,,,,,,,,,,,,,,,,,,,,
Ireland,IRL,Population ages 65 and above (% of total population),SP.POP.65UP.TO.ZS,11.21258186,11.26963377,11.24220399,11.18788942,11.16531011,11.2117961,11.22496311,11.19707306,11.18248307,11.14891512,11.12943576,11.10129044,10.99358511,10.85010883,10.74535208,10.71202221,10.72125013,10.73838321,10.75763934,10.76388981,10.75669803,10.74530714,10.72450408,10.7035595,10.74211853,10.82001506,10.89635623,11.01466354,11.18667565,11.33402192,11.40598881,11.42097639,11.41558292,11.40309251,11.40209347,11.39851945,11.37645942,11.35338484,11.31804584,11.25458391,11.18844155,11.14055441,11.10212112,11.08406473,11.07894378,11.01349511,10.87157857,10.77869805,10.84865257,11.07456914,11.37835923,11.71715231,12.08224025,12.44751401,12.79519071,13.11025421,13.39209211,13.67204541,13.9535917,14.24377788,14.56214734,14.85357594,15.16194031,15.54170684,
"Iran, Islamic Rep.",IRN,Population ages 65 and above (% of total population),SP.POP.65UP.TO.ZS,4.129671995,4.016675069,3.909146508,3.811564226,3.728833028,3.658764249,3.600792821,3.554783031,3.516580777,3.483391318,3.454229072,3.430470817,3.412048153,3.395252881,3.375428015,3.349862156,3.320400728,3.285907297,3.243587144,3.199147741,3.158304721,3.097833563,3.039204757,3.006694506,2.993629033,3.000304201,3.023629902,3.065337478,3.121487001,3.181591133,3.235231312,3.288412132,3.353643982,3.448592507,3.555308419,3.657516698,3.769096725,3.880565757,3.988349541,4.09489038,4.198089124,4.299874407,4.436294036,4.558403498,4.627519894,4.687435502,4.74588722,4.82830988,4.933346082,5.042516577,5.15944915,5.28817773,5.429345517,5.579498287,5.770679093,6.006599882,6.251081883,6.500779155,6.756434352,7.015988411,7.229355442,7.405182183,7.629000262,7.916083606,
Iraq,IRQ,Population ages 65 and above (% of total population),SP.POP.65UP.TO.ZS,3.360449339,3.498695471,3.614884254,3.715482201,3.816015667,3.916611767,4.01641512,4.113343074,4.202738652,4.280413291,4.345325853,4.398505667,4.440131739,4.470084807,4.487184337,4.492344031,4.48911525,4.477722328,4.45881478,4.434565616,4.403405491,4.364767588,4.322445051,4.275406286,4.218619194,4.152465373,4.078807924,3.999501,3.906704067,3.798153623,3.68551235,3.582883533,3.501507717,3.431650999,3.36713753,3.306454012,3.251723388,3.201952545,3.156670115,3.115950579,3.080350373,3.051205916,3.028360979,3.010947589,2.99862261,2.991162687,2.986586644,2.984841612,2.987525247,2.993265799,2.998742228,3.0001455,2.995178183,3.001463438,3.020415097,3.045108424,3.085743462,3.150722887,3.233035663,3.317203205,3.360395542,3.381047301,3.39760558,3.396703944,
Iceland,ISL,Population ages 65 and above (% of total population),SP.POP.65UP.TO.ZS,8.056481954,8.157097166,8.237313605,8.307611922,8.368425508,8.439529358,8.481257285,8.491671823,8.550946879,8.67059697,8.802147903,8.907380415,8.965194177,9.006947436,9.076001496,9.164648577,9.3008311,9.472849067,9.639623924,9.776262868,9.866334713,9.905459021,9.933738018,9.981284037,10.03981186,10.14221092,10.30927199,10.43300001,10.46404767,10.51945715,10.63223634,10.72021473,10.80299519,10.910735,11.04251588,11.22892602,11.39370167,11.5069261,11.56226572,11.56973559,11.57227673,11.5992668,11.6676576,11.72528099,11.75691425,11.72100952,11.61731507,11.54466301,11.57836886,11.80212924,12.13516555,12.45076566,12.7719225,13.07020537,13.36193275,13.67934577,13.92139129,14.02287709,14.12099622,14.299299,14.5643647,14.8686345,15.11099485,15.34830316,
Israel,ISR,Population ages 65 and above (% of total population),SP.POP.65UP.TO.ZS,5.023006875,5.231811075,5.360171017,5.465492232,5.586317211,5.722766638,5.872275647,6.026119322,6.184156312,6.356300676,6.551241763,6.775249387,7.010957651,7.242421028,7.473299998,7.72263794,7.960395696,8.185496224,8.408195101,8.62987843,8.821092172,8.927979907,8.959293774,8.930961849,8.877281229,8.913093837,8.974985551,9.012574024,9.068109637,9.12902173,9.240838117,9.358751913,9.441265479,9.516225279,9.570438167,9.699680012,9.800744661,9.796345435,9.782388681,9.742484987,9.724259128,9.747504066,9.817909193,9.895137802,9.937306196,9.951449168,9.942239453,9.895740798,9.838208895,9.831148516,9.897788321,10.07374158,10.34219507,10.58999695,10.79529792,11.01782666,11.26139928,11.49246457,11.70129517,11.88549917,12.05287706,12.1979896,12.30303661,12.41570889,
Italy,ITA,Population ages 65 and above (% of total population),SP.POP.65UP.TO.ZS,9.504992017,9.655097682,9.788785719,9.887184006,10.00359793,10.14695257,10.30949574,10.4864276,10.65194251,10.82933691,11.05459818,11.30473995,11.52951643,11.72696328,11.94046432,12.15837024,12.36540079,12.5852984,12.83122585,13.07798458,13.21323803,13.2469162,13.2111291,13.07176025,12.97328863,13.15591796,13.49836519,13.86167521,14.24526774,14.60558521,14.9633877,15.32977692,15.69159238,16.02068687,16.7132235,17.04397759,17.02964193,17.35985915,17.64088996,17.9210891,18.21676684,18.51276191,18.79878969,19.05256555,19.32921213,19.63523544,19.93559533,20.12361797,20.20433892,20.3135164,20.45896121,20.68793389,20.99664448,21.33067242,21.69787401,22.02852561,22.30958864,22.55866909,22.80621433,23.10417109,23.37923323,23.66197355,23.92918969,24.21878315,
Jamaica,JAM,Population ages 65 and above (% of total population),SP.POP.65UP.TO.ZS,4.240107078,4.403737493,4.542933954,4.674543613,4.822642257,4.996461662,5.198985528,5.425335036,5.654430733,5.85612198,6.01284424,6.1836286,6.354380685,6.476913981,6.597123771,6.736962854,6.896657082,7.072801755,7.243884485,7.378251142,7.459902743,7.490139469,7.478463634,7.425636468,7.361114423,7.318645838,7.301335352,7.308032876,7.319110043,7.31757607,7.295229964,7.243399628,7.115743343,6.934177934,6.766488077,6.612601921,6.476487569,6.363487932,6.264009221,6.163518734,6.060642083,5.960460341,5.8646774,5.783601964,5.72979446,5.708439188,5.716544164,5.751196523,5.810463582,5.889707508,5.983735164,6.085868342,6.18666657,6.277070662,6.336557078,6.40393658,6.515090314,6.640365926,6.780652087,6.948234867,7.139125154,7.31190234,7.537113299,7.862176939,
Jordan,JOR,Population ages 65 and above (% of total population),SP.POP.65UP.TO.ZS,4.191413651,4.089838295,3.976537245,3.855586495,3.733969461,3.617567299,3.506188052,3.399235201,3.298018413,3.203381713,3.11389293,3.032104475,2.959571737,2.89351969,2.831095563,2.769377401,2.708591386,2.648882963,2.591121933,2.537488126,2.48978767,2.44889631,2.414288195,2.385934697,2.364722333,2.35032262,2.342565595,2.342292414,2.348687254,2.359695572,2.353662766,2.346436579,2.354511631,2.365272281,2.382291776,2.408663461,2.445793561,2.494151638,2.552589812,2.619386975,2.695145143,2.779904468,2.869989164,2.960529037,3.047962011,3.130960451,3.206575441,3.272331504,3.335636191,3.395111579,3.454015315,3.515007973,3.583095183,3.522118709,3.350115998,3.318580339,3.412847211,3.525005213,3.648574224,3.777015537,3.899085408,4.006553738,4.14208054,4.322303277,
Japan,JPN,Population ages 65 and above (% of total population),SP.POP.65UP.TO.ZS,5.742643834,5.846556981,5.953421692,6.065040209,6.190751807,6.329856778,6.503292567,6.687044361,6.82547114,6.954118713,7.062586222,7.199475115,7.389012464,7.570131038,7.742033917,7.921420102,8.130115915,8.35865363,8.598455332,8.838116473,9.068734636,9.302506448,9.540435253,9.75969097,10.03420801,10.35094311,10.64151685,10.9588469,11.30771971,11.70866279,12.15923714,12.64266274,13.14609994,13.64514717,14.14717068,14.66009176,15.20146386,15.76479907,16.31972118,16.86855968,17.44183117,18.03430835,18.59969312,19.0945892,19.62157816,20.28189978,20.97845893,21.62669983,22.25337965,22.76246851,23.09802588,23.65273951,24.51267833,25.41206358,26.22618834,26.92300342,27.51202814,27.97782138,28.34521633,28.62877075,28.91817438,29.21699707,29.40264731,29.56181008,
Kazakhstan,KAZ,Population ages 65 and above (% of total population),SP.POP.65UP.TO.ZS,5.265164373,5.102583538,4.95610442,4.831858993,4.741125596,4.685412556,4.661790145,4.667796085,4.692629509,4.726019915,4.76212888,4.791284665,4.812582778,4.839234709,4.882794289,4.940185248,5.09813456,5.342171276,5.556507947,6.458943422,7.197952267,7.066545329,6.910956492,6.745456958,6.585843865,6.440429392,6.221890242,5.94981823,5.735902717,5.670831693,5.736259028,5.843100714,5.998575115,6.188114119,6.391317203,6.564849447,6.669820292,6.708852424,6.695608781,6.671479508,6.693365843,6.807579829,7.004420318,7.215622306,7.378556664,7.471209895,7.475023388,7.350998148,7.077175483,6.752261724,6.504260412,6.379244349,6.379153115,6.463462938,6.596981357,6.761463576,6.939739674,7.123694056,7.301763959,7.480378905,7.648791453,7.776630233,7.985416636,8.308167041,
Kenya,KEN,Population ages 65 and above (% of total population),SP.POP.65UP.TO.ZS,3.200138734,3.043596839,2.904729954,2.786164905,2.682047672,2.586833041,2.501909894,2.428059817,2.362241591,2.301627239,2.245533309,2.193948649,2.149940187,2.11669167,2.093499365,2.076708428,2.063363511,2.058307752,2.062229891,2.06692907,2.070189773,2.073483387,2.079741721,2.090564786,2.101806512,2.111730079,2.121402421,2.131548036,2.14167358,2.150217778,2.155973501,2.159914611,2.164787765,2.172187826,2.182819594,2.195310335,2.206547485,2.214960322,2.221154884,2.22581956,2.227611364,2.224917669,2.216736883,2.202881218,2.185751862,2.167462871,2.148427889,2.12750569,2.10568433,2.087425512,2.091283602,2.131569937,2.18748148,2.254155028,2.345034136,2.443165242,2.496760106,2.54036944,2.643654586,2.746893226,2.78922228,2.818603948,2.863919877,2.913307843,
Kyrgyz Republic,KGZ,Population ages 65 and above (% of total population),SP.POP.65UP.TO.ZS,6.278603761,6.047081575,5.825955711,5.62757669,5.466478895,5.342808971,5.256699993,5.207399262,5.177035052,5.141602746,5.093578236,5.035383541,4.965383762,4.893431786,4.839120688,4.803684905,4.78667713,4.785976351,4.78264472,4.754117574,4.695131769,4.607899869,4.492337575,4.359292176,4.294468352,4.323344079,4.385292066,4.480168835,4.624865686,4.763942318,4.859533268,4.958710236,5.085971914,5.266908922,5.44055571,5.521376339,5.531686286,5.505999544,5.452209095,5.38879619,5.357078715,5.359688191,5.375798387,5.391835112,5.39701686,5.375431826,5.300975257,5.15440489,4.932906656,4.659070963,4.448154649,4.400517648,4.490356304,4.63012068,4.794704661,4.966542161,5.079552355,5.119177602,5.151282016,5.173848001,5.148751763,5.110755792,5.19936059,5.427032711,
Cambodia,KHM,Population ages 65 and above (% of total population),SP.POP.65UP.TO.ZS,2.697695976,2.712860212,2.729028823,2.749334107,2.773798331,2.799290119,2.826075528,2.854217339,2.883116949,2.911748565,2.971841789,3.040962833,3.076850809,3.106120107,3.144994133,3.157214507,3.146312684,3.157068108,3.180843312,3.177522123,3.203540395,3.250840123,3.255618759,3.233559898,3.209020452,3.192859241,3.158593651,3.117466228,3.091567567,3.065891395,3.027830631,2.9902823,2.917164602,2.830555959,2.734008925,2.636173869,2.578488575,2.55682707,2.606170214,2.710319507,2.816518395,2.919607119,3.021382485,3.124660945,3.232107923,3.343152369,3.451987321,3.561210019,3.666867696,3.769963318,3.87951955,3.995270124,4.12078606,4.257618098,4.406940117,4.568735552,4.735418083,4.908836027,5.092075979,5.273077907,5.438736906,5.594714906,5.766954108,5.96118643,
Kiribati,KIR,Population ages 65 and above (% of total population),SP.POP.65UP.TO.ZS,4.793612758,4.619953231,4.467232556,4.349152909,4.270657349,4.210408129,4.237023427,4.340315659,4.428316735,4.418026969,4.326204138,4.239412126,4.146174178,4.051065789,3.960339434,3.879515307,3.799774157,3.69854149,3.569728303,3.519938841,3.547978249,3.558349364,3.565432255,3.566363821,3.560614771,3.555826246,3.541753907,3.511992256,3.476300813,3.447144468,3.419300109,3.401360544,3.400243427,3.412564529,3.434098549,3.457274926,3.475445551,3.478415877,3.471966845,3.448453963,3.413156083,3.3962661,3.396774473,3.404300504,3.428232441,3.463541268,3.503386907,3.546655171,3.581280434,3.596419548,3.602443332,3.603334915,3.600245805,3.609938641,3.638799409,3.684030304,3.738668782,3.792990202,3.845318982,3.89281838,3.930245283,3.957484596,4.015528653,4.118297298,
St. Kitts and Nevis,KNA,Population ages 65 and above (% of total population),SP.POP.65UP.TO.ZS,5.032252285,5.104502697,5.213870603,5.361002217,5.540266789,5.750936165,5.986151888,6.235019391,6.507635809,6.819225471,7.09313665,7.310093652,7.528444576,7.755329938,7.983904157,8.209785238,8.441424038,8.688231563,8.952495546,9.217344828,9.39789965,9.457117429,9.472867488,9.479378278,9.501816541,9.539218379,9.557047947,9.5651543,9.584403882,9.605476226,9.629748714,9.559442985,9.346792912,9.093995126,8.85186648,8.630628928,8.424096835,8.23086488,8.053866697,7.912378646,7.801535996,7.682389834,7.555328604,7.451842387,7.37350074,7.309903741,7.276377809,7.274303883,7.303298815,7.368409834,7.465872584,7.437267385,7.360789233,7.401899339,7.480515619,7.620918503,7.846073777,8.151879364,8.528244892,8.956050392,9.435673138,9.865705793,10.23560518,10.69656529,
"Korea, Rep.",KOR,Population ages 65 and above (% of total population),SP.POP.65UP.TO.ZS,3.129766887,3.168309137,3.214662042,3.249173759,3.261335015,3.270678396,3.273875722,3.289568952,3.31247921,3.32300707,3.359012608,3.422342151,3.481940392,3.530332158,3.573616598,3.607469588,3.643146598,3.685042006,3.727708876,3.773768427,3.826944559,3.909420278,4.00892572,4.085066399,4.148403946,4.244981824,4.371283252,4.494695164,4.62453478,4.75927878,4.885308046,5.028041715,5.192227653,5.365467019,5.561460793,5.764067126,5.969183018,6.209698711,6.470599655,6.758300249,7.091050396,7.444936883,7.816066051,8.201223507,8.600863799,9.000394009,9.420570863,9.85710349,10.24814806,10.61313731,10.99169442,11.35038362,11.7033966,12.09714326,12.52540919,12.95468571,13.36310385,13.87374621,14.45437602,15.06348844,15.82216595,16.65964122,17.48464634,18.33502358,
Kuwait,KWT,Population ages 65 and above (% of total population),SP.POP.65UP.TO.ZS,2.258245998,2.231716359,2.176651645,2.091565465,2.01209221,1.936107772,1.896297435,1.884525919,1.866978423,1.843612504,1.818285186,1.786952823,1.751013878,1.719576517,1.697074,1.684507491,1.632121176,1.544168906,1.466628467,1.402233697,1.355644871,1.323680425,1.299233284,1.279800355,1.280395455,1.294449178,1.343053556,1.43568334,1.541428978,1.66092551,1.807642782,2.043179713,2.168032703,2.08734077,1.682928163,1.356932715,1.305392035,1.359301397,1.419751212,1.482819083,1.543068559,1.595147505,1.635118122,1.661562903,1.675967943,1.687196104,1.705921619,1.731876622,1.758943932,1.784878754,1.814347934,1.865973871,1.953656326,2.071729253,2.217694746,2.408869685,2.638443186,2.917116811,3.243209173,3.603613845,3.99581241,3.423305417,2.746578312,2.952757838,
Latin America & Caribbean (excluding high income),LAC,Population ages 65 and above (% of total population),SP.POP.65UP.TO.ZS,3.180646633,3.1902898,3.209204361,3.234437433,3.262195275,3.293470027,3.328728316,3.365969397,3.403243085,3.4388128,3.473528843,3.512598449,3.556657898,3.599807147,3.643543695,3.691480702,3.741845034,3.792210231,3.840557501,3.884889426,3.922289206,3.961726328,4.005699283,4.048289587,4.09227602,4.140644266,4.197505554,4.263400344,4.335261355,4.412049158,4.484592921,4.552904535,4.624531102,4.701039689,4.785294387,4.874081802,4.965872549,5.061329074,5.156150674,5.250614853,5.348086017,5.453469487,5.567485069,5.686298908,5.810609504,5.940635515,6.075491153,6.209330237,6.341430213,6.478288751,6.621495755,6.773707157,6.939616598,7.119071815,7.313537178,7.52017731,7.729403715,7.94415132,8.169468914,8.40444797,8.616760336,8.79274859,9.00296866,9.277172525,
Lao PDR,LAO,Population ages 65 and above (% of total population),SP.POP.65UP.TO.ZS,2.676815396,2.72666249,2.773536489,2.818286875,2.863365573,2.909877727,2.957054763,3.005267886,3.052690155,3.095253895,3.131641659,3.16277022,3.188680996,3.210683583,3.232269562,3.25587423,3.281045745,3.308466305,3.337788826,3.366145711,3.392877942,3.416917895,3.436727723,3.451848298,3.462449663,3.469185501,3.472508812,3.472131679,3.468189003,3.462131173,3.453862575,3.444452148,3.435112788,3.424876096,3.413193824,3.401391526,3.390396356,3.381232748,3.37427638,3.369261576,3.367139474,3.368923416,3.375445796,3.384965983,3.395100565,3.40602635,3.453489737,3.535784971,3.617395046,3.698922495,3.781720295,3.865525885,3.948548377,4.029428329,4.111717864,4.131088573,4.101832409,4.102222424,4.128270795,4.17749001,4.241518022,4.31806849,4.417107669,4.535470844,
Lebanon,LBN,Population ages 65 and above (% of total population),SP.POP.65UP.TO.ZS,5.825493227,5.696822415,5.564529327,5.434661242,5.317002722,5.214161704,5.125262974,5.050367501,4.987760152,4.934950749,4.891300248,4.854365559,4.819863981,4.791065456,4.775641938,4.765927252,4.668144035,4.583105477,4.58725152,4.560358047,4.498800073,4.408386827,4.25206003,4.09580497,4.009269386,3.958614716,3.938730422,3.94130415,3.962037249,4.009818215,4.079120499,4.162336932,4.259786394,4.36738856,4.480655684,4.595359195,4.708198537,4.817246596,4.921422406,5.019978723,5.1133666,5.20422007,5.295704899,5.386344982,5.470998824,5.550371197,5.626937892,5.702121036,5.778346671,5.858047209,5.944324149,6.040978446,6.151773712,6.284913222,6.438980805,6.789580607,7.327868732,7.847150254,8.330080975,8.779709157,9.123706301,9.304471757,9.513466691,9.82442603,
Liberia,LBR,Population ages 65 and above (% of total population),SP.POP.65UP.TO.ZS,2.887966572,2.885288131,2.88215338,2.879183389,2.876118674,2.873124112,2.87092178,2.869516344,2.868615268,2.86809993,2.869038561,2.871362304,2.873394828,2.875243711,2.878694903,2.883782698,2.889882383,2.897137573,2.904170087,2.909309357,2.913408172,2.916929748,2.919381626,2.921840708,2.926639157,2.932843392,2.941831336,2.955352018,2.970402637,2.9848387,2.994310749,3.004163519,3.016799106,3.026713983,3.031751986,3.038685686,3.047858733,3.061431279,3.079071062,3.098008689,3.11799411,3.138819452,3.159673793,3.176854224,3.193822151,3.211194619,3.224273384,3.23504766,3.243781378,3.251638494,3.257996644,3.249838878,3.233480298,3.216931267,3.197428036,3.184820207,3.182779153,3.187655324,3.196981997,3.2101303,3.221355001,3.232906593,3.252539318,3.27756206,
Libya,LBY,Population ages 65 and above (% of total population),SP.POP.65UP.TO.ZS,4.329789871,4.197629427,4.066808059,3.938933691,3.829437455,3.750883446,3.683567384,3.607971659,3.52402548,3.434951262,3.343962731,3.259526727,3.185044996,3.098251334,2.984095541,2.86297479,2.751101797,2.648694289,2.556488863,2.475210632,2.405692713,2.348137981,2.358900178,2.441125686,2.493988884,2.514950324,2.550415959,2.597367533,2.653398162,2.718228749,2.791469391,2.870247213,2.95354749,3.040421124,3.128076371,3.217282477,3.311970803,3.412049704,3.512300697,3.60636542,3.689004842,3.764148567,3.823435091,3.857557683,3.890970276,3.933008102,3.946089862,3.96384268,3.990005501,4.007115789,4.027700594,4.21015219,4.395340755,4.393216825,4.417354759,4.478139667,4.541500308,4.587217295,4.609388055,4.625025131,4.646472116,4.672197949,4.74866118,4.878129406,
St. Lucia,LCA,Population ages 65 and above (% of total population),SP.POP.65UP.TO.ZS,3.836993914,3.880073376,3.925189143,3.968299667,4.008600591,4.049542272,4.106597876,4.172675608,4.236383231,4.303613583,4.358572959,4.402109723,4.446614215,4.486595099,4.517971497,4.540528336,4.557705137,4.591512645,4.653642281,4.738019876,4.802581943,4.842530083,4.883557498,4.918648961,4.950144412,4.969862611,4.979464946,4.982079526,5.049240558,5.201721454,5.384584695,5.49168578,5.502870418,5.502850921,5.484954418,5.449773292,5.409591422,5.364785769,5.523140231,5.908029253,6.328491451,6.562175285,6.583725664,6.588413596,6.586742491,6.592646094,6.614898073,6.71562608,6.913496142,7.165837103,7.369234055,7.500247379,7.633853169,7.759483412,7.876776244,7.988073492,8.100099063,8.223792403,8.365863166,8.527171053,8.70909198,8.833365075,9.003193852,9.298070943,
Latin America & Caribbean,LCN,Population ages 65 and above (% of total population),SP.POP.65UP.TO.ZS,3.233433915,3.246385464,3.267897346,3.29544559,3.325329347,3.358413163,3.395315514,3.434263515,3.473349796,3.511007405,3.547155168,3.586318987,3.630179339,3.673791171,3.718466311,3.767493006,3.819382964,3.871865245,3.922790192,3.96992433,4.010184771,4.051681876,4.097125925,4.141457303,4.187356235,4.237810769,4.296732748,4.364575191,4.43863315,4.518151997,4.594828691,4.6687097,4.746447573,4.828907392,4.917867407,5.010185657,5.104811556,5.202283111,5.298800525,5.39488455,5.494145035,5.60088206,5.715983871,5.835900869,5.960942734,6.091842571,6.227426,6.36262625,6.496787449,6.635926882,6.780737761,6.933149514,7.099082557,7.279127105,7.474565224,7.682949018,7.895714803,8.118233672,8.354971913,8.605354905,8.835286325,9.026813688,9.247812442,9.528682584,
Least developed countries: UN classification,LDC,Population ages 65 and above (% of total population),SP.POP.65UP.TO.ZS,3.016104034,3.010168295,3.005718374,3.00350967,3.004810844,3.009520626,3.017212977,3.028228053,3.041577499,3.055788625,3.069923461,3.068862494,3.068946371,3.084140672,3.099928731,3.11747145,3.136479402,3.15565725,3.173514142,3.190068529,3.207109546,3.222323991,3.231901572,3.235876252,3.237131058,3.237650288,3.237493363,3.240779823,3.241126498,3.234633552,3.22744321,3.218820096,3.205544844,3.188913996,3.170664447,3.152044737,3.137352567,3.126897934,3.120444843,3.119150032,3.122634883,3.128201918,3.134884425,3.143269498,3.152423594,3.162613251,3.175199251,3.190736112,3.206854164,3.225154221,3.248327011,3.276364953,3.308691457,3.338840238,3.367578836,3.400805168,3.439275495,3.483204818,3.531680021,3.582226697,3.623202636,3.653380496,3.694312115,3.749288919,
Low income,LIC,Population ages 65 and above (% of total population),SP.POP.65UP.TO.ZS,3.03663867,3.028525545,3.019213797,3.009177572,3.000528493,2.993994978,2.988783543,2.985454905,2.984116237,2.983309915,2.982261111,2.981162433,2.979604987,2.977611947,2.977537802,2.980127354,2.984167409,2.988073747,2.990467201,2.992985179,2.997630902,3.003755155,3.007594604,3.007891606,3.007982801,3.010547813,3.015373712,3.0292185,3.039388801,3.038487815,3.038341346,3.038102017,3.032603617,3.023105749,3.013113744,2.999346516,2.985031143,2.976196645,2.972590453,2.975425255,2.985214861,2.997414847,3.008898411,3.021076968,3.033230281,3.042745083,3.049831491,3.055132901,3.057995001,3.059159468,3.063155477,3.07137931,3.083330311,3.096182839,3.107263999,3.118168772,3.123153922,3.125006137,3.13336858,3.149060174,3.164774914,3.17699053,3.199584856,3.236053892,
Liechtenstein,LIE,Population ages 65 and above (% of total population),SP.POP.65UP.TO.ZS,7.919711349,8.013286278,8.003820992,7.912429379,7.861886522,7.843031851,7.83331585,7.814257952,7.806080526,7.848414315,7.877125358,7.972121886,8.073206775,8.152877618,8.306106787,8.51169307,8.674269725,8.810462424,8.959668145,9.069028983,9.105402658,9.029318775,8.919797269,8.909004288,8.970386645,9.060110706,9.279141104,9.514031485,9.68292033,9.845086219,9.969710082,10.08589921,10.18049691,10.22870401,10.27744191,10.29226952,10.27738943,10.23543058,10.27648415,10.39661442,10.43396853,10.50861141,10.70460102,10.92777452,11.16070779,11.46135109,11.83256851,12.25373304,12.75833369,13.33258672,13.83113185,14.26129392,14.76547663,15.36575454,15.90312815,16.37032086,16.86428287,17.3749356,17.85541,18.27913632,18.65504166,19.07975617,19.62637027,20.16263448,
Sri Lanka,LKA,Population ages 65 and above (% of total population),SP.POP.65UP.TO.ZS,4.223616294,4.103396453,4.001516796,3.917200122,3.852987167,3.809218213,3.784542256,3.777193785,3.783667096,3.800119986,3.824459128,3.85574785,3.892575691,3.935244664,3.985808932,4.043819966,4.108802427,4.181945078,4.261100949,4.343619797,4.430998465,4.524844474,4.6334895,4.761893467,4.903745563,5.036404845,5.149413844,5.263327364,5.383334802,5.495728021,5.624867088,5.755184555,5.848389508,5.933439068,6.021426479,6.075338187,6.09409608,6.110756129,6.131150872,6.160763279,6.205419997,6.268899363,6.351008535,6.44049628,6.526756176,6.621293883,6.735936592,6.871059695,7.031758301,7.214870954,7.427227788,7.680048139,7.970404816,8.292335061,8.635676063,8.990545616,9.345508014,9.693685874,10.03597339,10.37546086,10.71571085,11.04564498,11.38243479,11.73870999,
Lower middle income,LMC,Population ages 65 and above (% of total population),SP.POP.65UP.TO.ZS,3.300824995,3.322384641,3.354922327,3.391326084,3.424434854,3.450759854,3.471676197,3.488117243,3.503837518,3.522848557,3.542418196,3.558183154,3.575868657,3.59896235,3.621193237,3.642356675,3.662799989,3.681469018,3.699659374,3.715774028,3.726034076,3.732159432,3.73769895,3.742706451,3.747272467,3.751992159,3.757446291,3.763973508,3.772178938,3.78231484,3.791819672,3.805803067,3.822986347,3.843324072,3.866701465,3.892126626,3.920253209,3.950755027,3.982980774,4.016914219,4.05095099,4.085489586,4.122888488,4.161091136,4.195597938,4.22707133,4.257277023,4.287197794,4.319280522,4.355421595,4.398164832,4.449891515,4.510551051,4.575985983,4.660795155,4.770050235,4.889285282,5.016866838,5.155921693,5.303313699,5.439316822,5.535340921,5.65271899,5.816207635,
Low & middle income,LMY,Population ages 65 and above (% of total population),SP.POP.65UP.TO.ZS,3.59522692,3.578018853,3.576043712,3.575514185,3.575200646,3.583301492,3.598448843,3.617564886,3.641631425,3.667779252,3.693295594,3.719781271,3.749651086,3.783910269,3.823975432,3.866410565,3.906761471,3.947718106,3.993170756,4.042224308,4.082343616,4.109298781,4.131846912,4.154719981,4.18114162,4.211645111,4.244579824,4.278871684,4.317933861,4.364340032,4.411617075,4.459941541,4.516423392,4.58231664,4.654124361,4.727413603,4.800811354,4.877354929,4.958944517,5.041564246,5.123794034,5.207297815,5.292658999,5.375810489,5.449593593,5.517446201,5.584752509,5.647398314,5.701097519,5.75390019,5.815618832,5.8920339,5.986312459,6.0947187,6.225036023,6.38821864,6.568668831,6.766982076,6.981043477,7.202899481,7.422551547,7.60766518,7.806567104,8.027345016,
Lesotho,LSO,Population ages 65 and above (% of total population),SP.POP.65UP.TO.ZS,4.477121521,4.411036024,4.358194943,4.314212172,4.274706819,4.236382721,4.200961707,4.158722951,4.103925253,4.044538129,3.98249732,3.919636145,3.859009947,3.804328874,3.756460995,3.717936939,3.699249968,3.700908628,3.714136102,3.736177589,3.766848759,3.805688817,3.849653677,3.89536585,3.939964021,3.979614357,4.017764435,4.055765268,4.088995514,4.118285345,4.144950312,4.169257294,4.193459101,4.219991345,4.24836347,4.276977498,4.30727556,4.349513274,4.405497563,4.467027933,4.52913874,4.584644649,4.627762161,4.658452131,4.681099005,4.697385048,4.670929597,4.584520766,4.470922414,4.350812239,4.234612782,4.127315221,4.035186591,3.970038473,3.939975645,3.899199448,3.839990387,3.800871583,3.781365019,3.779817693,3.788880259,3.785116527,3.792970637,3.826803872,
Late-demographic dividend,LTE,Population ages 65 and above (% of total population),SP.POP.65UP.TO.ZS,4.259530332,4.232584726,4.215120759,4.191617462,4.173864614,4.179284503,4.203692146,4.241467742,4.288459972,4.335267376,4.377915239,4.424361619,4.47691765,4.535055049,4.608210098,4.689585115,4.769244897,4.854637377,4.950899618,5.05699414,5.144271722,5.189412814,5.213503655,5.240086741,5.281652922,5.333786713,5.390770391,5.452237143,5.529075056,5.632733962,5.749222419,5.868750919,6.007673453,6.1659724,6.32220631,6.479416,6.634472327,6.787511645,6.948611701,7.107320805,7.266368424,7.433139528,7.60474445,7.776087784,7.934789847,8.083229822,8.226897181,8.346536022,8.434211814,8.519136285,8.629558088,8.785546739,8.986595005,9.22375431,9.504036545,9.846566637,10.21896664,10.6270145,11.07010335,11.52938074,12.01315469,12.46365914,12.93158457,13.40399915,
Lithuania,LTU,Population ages 65 and above (% of total population),SP.POP.65UP.TO.ZS,7.900091528,8.127822012,8.247664579,8.426424523,8.649714189,8.917321822,9.196588939,9.414626449,9.655093346,9.882711635,10.10804969,10.35839303,10.66017391,10.9701065,11.1928041,11.29155316,11.34616588,11.40419847,11.43498633,11.41158962,11.30865276,11.13986159,10.9423078,10.72134771,10.53810089,10.43241073,10.41077773,10.45892241,10.88642754,11.00716836,10.85444231,11.08301369,11.3572264,11.68106105,11.98522747,12.29033167,12.61417755,12.94829391,13.28871188,13.58041092,13.84098169,14.24396574,14.72851516,15.17342073,15.61397685,16.05061068,16.46530928,16.82135834,17.1037935,17.2804966,17.60977713,17.98849418,18.17997313,18.35773564,18.60352015,18.88030136,19.17577562,19.50440257,19.73093098,19.8571908,19.93415397,19.94698491,19.86075569,19.85617878,
Luxembourg,LUX,Population ages 65 and above (% of total population),SP.POP.65UP.TO.ZS,10.61433202,10.77299252,10.89749305,11.018343,11.200141,11.39375649,11.5911636,11.82144001,12.03550668,12.24224937,12.47495079,12.62618583,12.73056946,12.89243158,13.03932128,13.14279413,13.19507182,13.26468376,13.3556204,13.46825795,13.55753487,13.51441074,13.40835379,13.26287997,13.17144829,13.2308863,13.312912,13.32722026,13.34827072,13.36460176,13.37346083,13.43865445,13.52944853,13.63016113,13.76288532,13.91174518,14.04900955,14.12767308,14.1519187,14.15687944,14.03415247,13.94845292,14.02029846,14.03921317,14.06548831,14.10692931,14.08496276,14.05459429,14.03002717,14.02085364,13.99184092,13.95829798,13.96541089,14.02567573,14.12510629,14.19541522,14.24244138,14.30681371,14.37762806,14.47006674,14.58522638,14.71534062,14.84243758,15.10619488,
Latvia,LVA,Population ages 65 and above (% of total population),SP.POP.65UP.TO.ZS,10.5870879,10.65973752,10.67814241,10.72104873,10.84052619,11.02579855,11.21892216,11.41389547,11.63312309,11.84874144,12.03231817,12.20894352,12.40559812,12.53953687,12.65203663,12.75565042,12.84767239,12.94496213,13.01765623,13.03279232,12.9158092,12.66003167,12.34981079,12.10877548,11.92719761,11.74078858,11.64057309,11.63110669,11.68175733,11.72657749,11.72750294,12.0180525,12.55651188,12.99422346,13.33299752,13.63847368,13.95283505,14.27932654,14.55431873,14.75756037,14.99016705,15.29679028,15.67299817,16.07767901,16.47907802,16.85624972,17.22239697,17.51245924,17.72381236,17.98320995,18.25444948,18.47547612,18.67550102,18.92968738,19.24149098,19.52431584,19.77538736,20.01079484,20.19819588,20.40722722,20.67217096,20.8461609,21.01176303,21.33209484,
"Macao SAR, China",MAC,Population ages 65 and above (% of total population),SP.POP.65UP.TO.ZS,5.189668552,5.322721162,5.27024709,5.259834738,4.371496311,3.85930106,3.999733782,4.098524324,4.231912939,4.395509702,4.493279797,4.392713857,3.958181572,6.881681341,10.79422008,10.39182283,9.974183844,9.517403116,8.997212185,8.444037131,7.92045413,7.589750698,7.471236849,7.382912574,7.276252733,7.154517599,7.029945204,6.886572511,6.732384026,6.607462654,6.534889483,6.526944868,6.578804213,6.659122825,6.734312259,6.806113977,6.879862221,6.945110331,7.01177834,7.07747195,7.140145755,7.186295984,7.166227353,7.102502276,7.033077561,6.948984731,6.865993181,6.811443386,6.794917247,6.837609171,6.963506931,7.172718705,7.450903956,7.79140633,8.189770999,8.610303466,9.036017793,9.499817881,10.01970333,10.62135045,11.31163657,12.03351949,12.74205605,13.4794719,
St. Martin (French part),MAF,Population ages 65 and above (% of total population),SP.POP.65UP.TO.ZS,4.023056111,3.887368901,3.854649879,3.872900396,3.853724231,3.833066453,3.846522782,3.764619883,3.741436852,3.808793456,3.861418885,3.894018466,3.869860342,3.94148412,4.087634171,4.028132992,3.874854522,3.784926349,3.630552892,3.410641201,3.131032819,2.824193928,2.53317885,2.281236395,2.09713828,2.009940975,1.945200313,1.914011607,1.955871826,2.007333762,2.111640596,2.274266072,2.439695339,2.615986203,2.799782409,2.991177469,3.187514859,3.401708527,3.631428866,3.775163488,3.813841846,3.851835019,3.896658651,3.958944282,4.063790661,4.208912992,4.391482486,4.592854616,4.826464208,5.109239093,5.403462123,5.692164506,5.9932127,6.311049347,6.63809562,7.033905109,7.550773369,8.111299627,10.27851827,16.20970919,18.1432077,15.8556123,16.34540448,17.20365625,
Morocco,MAR,Population ages 65 and above (% of total population),SP.POP.65UP.TO.ZS,2.821852823,2.845931328,2.873540118,2.905731997,2.947235248,2.990138129,3.032198493,3.073193169,3.109009092,3.133317459,3.142910331,3.142106848,3.132079415,3.109626673,3.073800892,3.026044987,2.968965982,2.904108085,2.836391621,2.773300866,2.718412382,2.672795941,2.638338743,2.618621973,2.619323955,2.64238821,2.688377931,2.755585633,2.839891935,2.939902728,3.05252792,3.178878402,3.318471176,3.46572652,3.613264542,3.754238468,3.888215533,4.01391237,4.128486468,4.231637008,4.32319661,4.408416658,4.497558518,4.587849371,4.665252686,4.733230727,4.81319085,4.907614097,4.997002778,5.077410233,5.162106754,5.260974999,5.373920018,5.496109797,5.635436041,5.802137875,5.995544558,6.215429486,6.458479354,6.720202023,6.97052127,7.218416297,7.509813265,7.82574109,
Monaco,MCO,Population ages 65 and above (% of total population),SP.POP.65UP.TO.ZS,18.93571167,19.4192046,19.82018706,20.10274738,20.41963282,20.7667662,21.16037267,21.62889305,21.89060033,21.88745751,21.93491136,22.10038044,22.35339072,22.69264518,23.10725396,23.2250348,22.97592153,22.69587227,22.46527974,22.31477178,22.24352475,22.25295863,22.15772001,21.89696179,21.65855551,21.50638683,21.45913895,21.50546764,21.61817297,21.76109828,21.86702242,21.85994873,21.79593026,21.76293941,21.75901579,21.77702553,21.81232823,21.87134503,21.95087937,22.09537327,22.23574543,22.29944217,22.36324661,22.50536688,22.71299234,22.95249922,23.2036185,23.46917943,24.10321648,25.39898342,26.989009,28.56343256,30.10573017,31.55838294,32.88585031,34.1159507,35.00912115,35.57779075,36.23425808,36.2853919,36.46338419,37.31928258,37.0612486,36.35721895,
Moldova,MDA,Population ages 65 and above (% of total population),SP.POP.65UP.TO.ZS,4.942271493,5.03820589,5.149206053,5.278520491,5.426309685,5.595173262,5.778928721,5.956511094,6.12010011,6.270725752,6.37417089,6.435458556,6.505444135,6.604686908,6.736156369,6.89880702,7.085734972,7.273161719,7.436299751,7.416749348,7.343221495,7.361320521,7.358103643,7.367303472,7.414120109,7.504123612,7.633292229,7.790468321,7.963122383,8.168753294,8.394306368,8.610673341,8.848970327,9.107054399,9.339206433,9.527908838,9.678152717,9.796516527,9.890524136,9.980399538,10.10025699,10.24735248,10.38655135,10.48157582,10.52621174,10.59685707,10.73013362,10.85825904,10.90373234,10.83575944,10.68138513,10.54437593,10.48541955,10.61576317,11.0822689,11.70917975,12.29908388,12.82964837,13.30740989,13.80146002,14.29117884,14.69755473,15.11700142,15.6147072,
Madagascar,MDG,Population ages 65 and above (% of total population),SP.POP.65UP.TO.ZS,3.31715003,3.327044604,3.336441531,3.348195278,3.357770726,3.36747884,3.383780987,3.403185471,3.426928134,3.457691902,3.493478645,3.534068496,3.577619154,3.615124131,3.633401538,3.627746618,3.601123278,3.554998395,3.494776462,3.428723775,3.361990977,3.293858758,3.225341363,3.160561755,3.103571293,3.055781132,3.017922284,2.990429826,2.969256462,2.949453603,2.929123044,2.908610551,2.888190525,2.86962632,2.854324824,2.841080157,2.82987502,2.82137457,2.814005055,2.806033134,2.797420954,2.788978461,2.780908373,2.77173285,2.759648615,2.744465318,2.727497248,2.709856785,2.692959259,2.677874021,2.665887944,2.659317918,2.658922317,2.668448497,2.712829346,2.788253805,2.866624046,2.943386879,3.018487848,3.091981893,3.153564226,3.207303014,3.26762489,3.335162365,
Maldives,MDV,Population ages 65 and above (% of total population),SP.POP.65UP.TO.ZS,3.20267136,3.186747923,3.174777145,3.158151942,3.13524468,2.901961538,2.468054909,2.169247517,2.112005652,2.163285618,2.215170612,2.266698154,2.318505284,2.367499676,2.417280371,2.466156275,2.514819472,2.572895412,2.593198577,2.576390621,2.565899233,2.554377479,2.537966243,2.520543969,2.505184638,2.51460543,2.553881855,2.595075119,2.627030436,2.6586938,2.709087835,2.775219315,2.847075789,2.919953937,2.991364394,3.069756749,3.166416997,3.287730079,3.431510051,3.59393249,3.760923486,3.925654058,4.095454296,4.266739968,4.434288558,4.594049519,4.676104266,4.656541718,4.598566202,4.526308233,4.443834675,4.35566831,4.262857468,4.175764022,4.097994038,4.014793742,3.932141987,3.867663713,3.831654507,3.832850485,3.869704064,3.927901293,4.081613184,4.345106598,
Middle East & North Africa,MEA,Population ages 65 and above (% of total population),SP.POP.65UP.TO.ZS,3.722768589,3.724835571,3.734932363,3.741033491,3.745517079,3.748493414,3.742933669,3.731041241,3.718065608,3.704369404,3.690465734,3.676954268,3.663338223,3.649444536,3.632366731,3.6146534,3.59492405,3.569246218,3.53835082,3.506695725,3.476455376,3.441319312,3.407449564,3.382230198,3.363000367,3.353071583,3.351911253,3.359106928,3.372759744,3.390346745,3.403370738,3.43295135,3.46980846,3.520855133,3.575220904,3.633459017,3.696952539,3.760340003,3.818165309,3.869327886,3.914782806,3.955997527,4.003215264,4.045066074,4.072051628,4.092206012,4.106749987,4.119367398,4.136766389,4.162146317,4.203038673,4.250702645,4.309131056,4.372563527,4.449964577,4.538089865,4.642103503,4.769089417,4.912094707,5.054521965,5.166278269,5.261981115,5.362440228,5.505493414,
Mexico,MEX,Population ages 65 and above (% of total population),SP.POP.65UP.TO.ZS,2.782912806,2.733107086,2.70191567,2.681071321,2.66672219,2.662714362,2.667615614,2.676572712,2.687819619,2.69720265,2.70480325,2.714235012,2.728124962,2.74661954,2.768765458,2.79521264,2.825040069,2.856354567,2.888426135,2.920812089,2.952812218,3.024159894,3.133792211,3.243943692,3.356073097,3.472356681,3.596709655,3.72878602,3.863093653,3.997730063,4.098208202,4.160154783,4.22240928,4.292969818,4.371386707,4.457883647,4.553945841,4.660343278,4.774016012,4.893610592,5.014104256,5.142760051,5.281645175,5.418954112,5.551972553,5.677577837,5.79085663,5.880110901,5.951216646,6.021826608,6.097501322,6.183298219,6.28324051,6.393658995,6.514463949,6.650848378,6.801589484,6.965920174,7.144224033,7.334641575,7.486079875,7.585758736,7.74526984,7.98664579,
Marshall Islands,MHL,Population ages 65 and above (% of total population),SP.POP.65UP.TO.ZS,5.839143003,5.742821473,5.677562679,5.652854032,5.666815013,5.706076713,5.787521267,5.588314125,4.881180143,4.032012016,3.493120284,3.45580211,3.65947692,3.872909971,3.893896268,3.733725888,3.61385589,3.486767841,3.363473854,3.270171663,3.212074932,3.174875847,3.148533529,3.131194163,3.098113832,3.050726269,3.001069083,2.950181248,2.906358545,2.862157574,2.80086939,2.742085916,2.689302075,2.640491788,2.590570408,2.541152583,2.480779088,2.400576544,2.307057948,2.248936785,2.246260341,2.252432882,2.257678733,2.248322473,2.218510759,2.178938851,2.147425109,2.12164889,2.097828176,2.084835203,2.055011673,2.074844676,2.202493242,2.38156311,2.58554904,2.800176228,3.00362615,3.194781749,3.391851606,3.573335757,3.704354138,3.867817342,4.112084238,4.382259768,
Middle income,MIC,Population ages 65 and above (% of total population),SP.POP.65UP.TO.ZS,3.633819262,3.616365979,3.615064922,3.615167548,3.61544536,3.624608828,3.641191106,3.661945651,3.687884198,3.715999648,3.743459297,3.771976617,3.804171452,3.841149716,3.884288721,3.929826223,3.97309444,4.017028386,4.06607388,4.119053473,4.161878227,4.190239654,4.21436025,4.239371737,4.268271047,4.301381434,4.336895953,4.373244684,4.415061614,4.465755255,4.517279302,4.570113447,4.632731073,4.706277524,4.786221005,4.868211213,4.950694132,5.036219179,5.127006575,5.218690166,5.309360204,5.401459233,5.496431568,5.589335092,5.672043292,5.748853043,5.825821037,5.898090433,5.960822283,6.022924032,6.094742611,6.182513195,6.289542169,6.411918659,6.558909261,6.743016345,6.948022487,7.174313249,7.418735413,7.67248405,7.925002363,8.140338223,8.370932018,8.625757495,
North Macedonia,MKD,Population ages 65 and above (% of total population),SP.POP.65UP.TO.ZS,4.912237058,4.843930767,4.810243898,4.808134409,4.820007942,4.856385748,4.915532742,4.992916236,5.076324017,5.151479318,5.226299838,5.311856879,5.408016211,5.520420297,5.646764132,5.781541648,5.920567632,6.050277961,6.151404875,6.206691448,6.212862861,6.18368809,6.161861649,6.166897853,6.200537187,6.279232728,6.402081856,6.554654014,6.722978877,6.912123616,7.127743781,7.410527463,7.754992194,8.110428534,8.43217077,8.689044069,8.883467914,9.059360816,9.279027743,9.524570978,9.7601048,9.983443845,10.1740481,10.32042686,10.47462583,10.64158332,10.8205978,11.01895222,11.22627405,11.42932502,11.61408332,11.80896525,12.07235675,12.45857506,12.92635247,13.40426467,13.90407542,14.45806628,15.08504979,15.75880264,16.34633901,16.72439337,17.0476782,17.50173258,
Mali,MLI,Population ages 65 and above (% of total population),SP.POP.65UP.TO.ZS,2.70515775,2.711844682,2.720942818,2.73508595,2.758892694,2.793403201,2.837134837,2.889546256,2.948095246,3.007921713,3.067065383,3.126007378,3.183902281,3.239700617,3.29395565,3.347385744,3.399292212,3.448501501,3.494822676,3.537960769,3.57682732,3.612069028,3.644559941,3.674275386,3.698847008,3.716215208,3.726481979,3.729977915,3.725991968,3.714403572,3.69610288,3.671185447,3.639875709,3.602600816,3.559705816,3.512750721,3.46266334,3.409516465,3.352113677,3.288927295,3.222996256,3.157878698,3.09446983,3.034354477,2.980650352,2.94041927,2.91360926,2.892360585,2.87155308,2.846023156,2.812050374,2.774926554,2.743725944,2.710821516,2.669674724,2.633270159,2.604535771,2.576347497,2.548699971,2.523010226,2.490598678,2.453714174,2.426209138,2.405315466,
Malta,MLT,Population ages 65 and above (% of total population),SP.POP.65UP.TO.ZS,7.172178224,7.324198236,7.473028562,7.628587152,7.787833212,7.945222634,8.112855013,8.303249097,8.462437251,8.593915992,8.750318241,8.910378331,9.058029451,9.198082123,9.335080002,9.461374327,9.56392453,9.638732888,9.686457599,9.709183479,9.708583545,9.685077969,9.658309882,9.649704094,9.668921213,9.729100367,9.817321056,9.936732104,10.09858149,10.28663604,10.47653218,10.65314954,10.81846185,10.95786281,11.0871822,11.24627649,11.4159598,11.57702359,11.75723669,11.95285326,12.15556584,12.40439987,12.68885714,12.96682112,13.24058691,13.47903982,13.63290084,13.70972671,13.88157596,14.38861487,15.09698912,15.81394089,16.57659622,17.35198184,17.943563,18.32731996,18.65556407,18.81310743,18.74968399,18.5815714,18.49976795,18.77210363,19.28437008,19.80003978,
Myanmar,MMR,Population ages 65 and above (% of total population),SP.POP.65UP.TO.ZS,3.495873345,3.524732278,3.551706586,3.579110477,3.609536293,3.643032244,3.680187012,3.72136918,3.763759918,3.803621294,3.839130974,3.871516172,3.901297454,3.929789747,3.957589604,3.984628469,4.010372767,4.032916734,4.054780512,4.081691223,4.114635945,4.154031467,4.2003493,4.245265251,4.282790812,4.316168652,4.348095417,4.378441364,4.409255508,4.444880733,4.486423429,4.533273609,4.585185149,4.640150098,4.695386539,4.749632602,4.804647727,4.860202287,4.913578778,4.961096036,5.000860991,5.035004755,5.065156006,5.091784878,5.114516211,5.13423576,5.152602319,5.171402133,5.185672353,5.207094327,5.244734141,5.290080984,5.340588681,5.39638498,5.490747452,5.629857455,5.78481355,5.951302033,6.129718377,6.318253136,6.507815682,6.686449285,6.877161326,7.089149805,
Middle East & North Africa (excluding high income),MNA,Population ages 65 and above (% of total population),SP.POP.65UP.TO.ZS,3.704504526,3.703383261,3.712288283,3.718095657,3.721826937,3.723912972,3.716989686,3.702233413,3.687916488,3.672814005,3.65663496,3.640554803,3.624939422,3.608037025,3.588582609,3.568520408,3.54791348,3.522576418,3.49194083,3.460046764,3.430353803,3.397103521,3.36612669,3.34560998,3.33223834,3.325762994,3.328339108,3.340063345,3.357541992,3.378407074,3.386864877,3.410484389,3.450138376,3.506008618,3.567469784,3.630737771,3.699039898,3.769087028,3.833010121,3.889252406,3.940224172,3.987782041,4.041521667,4.089234268,4.120429874,4.144330257,4.165209895,4.190419215,4.222088871,4.257504085,4.299403441,4.354184924,4.421583588,4.498676237,4.589455777,4.69805981,4.819703572,4.951523463,5.09038452,5.233940313,5.35124163,5.442686441,5.564997415,5.719333687,
Montenegro,MNE,Population ages 65 and above (% of total population),SP.POP.65UP.TO.ZS,6.520839479,6.477344311,6.456507132,6.445342546,6.461466946,6.546236568,6.680252087,6.787253742,6.842567417,6.896140781,6.988772276,7.094822826,7.170176328,7.224372188,7.316414491,7.481095789,7.682586853,7.861036837,7.967345288,7.979116132,7.909784207,7.786631317,7.637941911,7.498542606,7.414780915,7.407959741,7.457784377,7.539865939,7.650861454,7.803034477,8.00302016,8.253509291,8.546219407,8.865879423,9.19074805,9.505274945,9.808423547,10.10840012,10.41720385,10.74678869,11.09330197,11.44503629,11.8067932,12.18638502,12.55677483,12.8792682,13.11741664,13.25400215,13.32665449,13.35641862,13.31957471,13.32529882,13.47468195,13.69396046,14.00355256,14.42047616,14.82582657,15.23785565,15.70806843,16.20131232,16.64067705,16.91287827,17.1459251,17.46612748,
Mongolia,MNG,Population ages 65 and above (% of total population),SP.POP.65UP.TO.ZS,5.687324506,5.941634891,6.198175897,6.269213268,6.15823543,6.057542744,5.978110494,5.922782565,5.889074988,5.850503591,5.78330489,5.692741215,5.589027385,5.480639658,5.373847852,5.269548104,5.164088789,5.055592581,4.945974559,4.860571876,4.790677676,4.707903376,4.618048583,4.526125531,4.43490098,4.343503181,4.247589379,4.143094756,4.02863911,3.924046164,3.83378065,3.745650926,3.663778185,3.593426471,3.539161329,3.501026452,3.475152684,3.456407526,3.440092441,3.422643013,3.426650244,3.451165083,3.475356434,3.50621876,3.548303686,3.601634665,3.659920639,3.714485487,3.758316809,3.786572449,3.799470118,3.796854159,3.790021603,3.792620343,3.807759492,3.83803196,3.885130024,3.953982201,4.049570888,4.17415725,4.306357859,4.434923888,4.616341038,4.863600901,
Northern Mariana Islands,MNP,Population ages 65 and above (% of total population),SP.POP.65UP.TO.ZS,2.964573914,2.912729294,2.8773102,2.860865034,2.86131681,2.825546841,2.78458349,2.781783505,2.760794803,2.728137358,2.689282203,2.688434408,2.678748071,2.690825258,2.732948924,2.76800531,2.817813765,2.901213062,2.966522009,2.981046247,2.887861337,2.650626718,2.4049217,2.205690682,2.059874159,1.951582252,1.866282596,1.817469534,1.792645093,1.773457455,1.774281001,1.811096344,1.853634784,1.881331404,1.914187888,1.915871846,1.82762322,1.705950951,1.619740124,1.561065894,1.580683622,1.705535821,1.859159148,2.008544722,2.158324014,2.301376014,2.425740535,2.551704247,2.689437353,2.846788551,3.054112514,3.303580589,3.581357779,3.890405247,4.200963999,4.50949751,4.827368877,5.133260606,5.432279887,5.712771925,6.187931325,6.927563379,7.780285603,8.733358439,
Mozambique,MOZ,Population ages 65 and above (% of total population),SP.POP.65UP.TO.ZS,3.071572361,3.063093788,3.049560907,3.035256268,3.020084876,3.005142633,2.993234157,2.985047866,2.981154657,2.982434132,2.988798324,2.997179682,3.005060834,3.014091143,3.025424278,3.03868091,3.05323927,3.064354681,3.07045888,3.076483459,3.09388803,3.117484063,3.135587906,3.148149774,3.149764119,3.140494202,3.126405085,3.107114184,3.081670346,3.052160242,3.018449718,2.982922635,2.947713215,2.914468039,2.88496578,2.857662084,2.826936883,2.79721831,2.76673977,2.732294806,2.701132854,2.68347865,2.675991429,2.669594778,2.665973566,2.666298901,2.671177608,2.680109838,2.689775112,2.697241834,2.702179007,2.704044338,2.706521302,2.715464087,2.728360246,2.742444719,2.759090671,2.776631662,2.793984743,2.80919999,2.811069941,2.790641419,2.773098904,2.766769951,
Mauritania,MRT,Population ages 65 and above (% of total population),SP.POP.65UP.TO.ZS,2.301474892,2.372759971,2.440621065,2.504411402,2.562911133,2.615509942,2.662763805,2.705502753,2.743976984,2.77927375,2.812496022,2.842722338,2.870959597,2.897774824,2.922499281,2.944892862,2.964906699,2.981861374,2.996130574,3.009161352,3.020197857,3.028921603,3.036173704,3.041705708,3.046092306,3.050161667,3.054254539,3.058405798,3.062598792,3.06918165,3.075371514,3.078361458,3.074728628,3.066694629,3.059098577,3.05475695,3.057835084,3.06352657,3.069584978,3.07644732,3.082678529,3.09115096,3.102764514,3.114599118,3.123702031,3.13624244,3.152794277,3.166589585,3.254438009,3.407771503,3.545407214,3.665712528,3.768243128,3.750363018,3.633220983,3.533420735,3.450962908,3.385444282,3.335408173,3.299130113,3.260113679,3.2214687,3.208503503,3.21532864,
Mauritius,MUS,Population ages 65 and above (% of total population),SP.POP.65UP.TO.ZS,3.001553656,3.099148195,3.201590303,3.268061867,3.313277753,3.364531552,3.419436675,3.472649909,3.520979181,3.564893498,3.605673826,3.645614438,3.697735541,3.774745144,3.86605025,3.951812059,4.024106186,4.091993944,4.169186184,4.255274983,4.335548765,4.40427231,4.469812461,4.532636699,4.591401826,4.661077094,4.752519396,4.863565854,4.997915087,5.155244233,5.323622493,5.484700931,5.616997862,5.716608229,5.793521074,5.850086285,5.881311824,5.904170275,5.952236016,6.02890061,6.117643964,6.206594708,6.286314846,6.357466819,6.428631152,6.501791659,6.576062853,6.659926578,6.784177431,6.967627126,7.188221495,7.424469414,7.695843062,8.025780345,8.419746216,8.879917634,9.380915906,9.891372985,10.39664937,10.89475771,11.40117501,11.90150853,12.39576391,12.94158708,
Malawi,MWI,Population ages 65 and above (% of total population),SP.POP.65UP.TO.ZS,3.023055378,3.00609549,2.986517244,2.966640358,2.951913852,2.941793979,2.936378933,2.937500523,2.938549381,2.929166666,2.907976445,2.874595333,2.831341101,2.78872388,2.757405053,2.74194157,2.738645666,2.744959335,2.819961992,2.966403146,3.117693654,3.264482243,3.410637659,3.551287812,3.674226093,3.77357364,3.83372879,4.086414924,4.208134305,4.027328027,3.873289676,3.737033072,3.614288552,3.501085762,3.392273446,3.289095091,3.196085094,3.110068278,3.029591001,3.110649863,3.310762816,3.4660353,3.604475087,3.731923313,3.846057236,3.937478658,4.000348368,4.016726006,3.915112725,3.74329283,3.598815173,3.476535983,3.36981384,3.264747701,3.164788361,3.069935496,2.977760975,2.897179917,2.826873976,2.765175852,2.707650999,2.653761926,2.613219447,2.592567716,
Malaysia,MYS,Population ages 65 and above (% of total population),SP.POP.65UP.TO.ZS,2.817200228,2.761223439,2.737199352,2.732755335,2.731733071,2.729796405,2.724781921,2.715544458,2.71150506,2.72790993,2.767349242,2.831249739,2.921750551,3.022507821,3.113181202,3.187524034,3.246211361,3.289722013,3.325257647,3.363641313,3.398460784,3.426360508,3.456332551,3.48610335,3.510730294,3.528654461,3.542424743,3.552643984,3.560490455,3.565507404,3.56724836,3.574007385,3.590755776,3.621206071,3.65936266,3.692943422,3.725087574,3.761811838,3.798326654,3.832077873,3.87644389,3.942936612,4.031091992,4.130216525,4.229980295,4.33032553,4.435260187,4.547576979,4.668635276,4.802857551,4.948698563,5.094281988,5.238822282,5.38859199,5.545043103,5.708475201,5.879933918,6.065114852,6.266708906,6.482321764,6.724906139,6.958605886,7.185639357,7.451173762,
North America,NAC,Population ages 65 and above (% of total population),SP.POP.65UP.TO.ZS,8.721174558,8.813174048,8.884359009,8.941319853,9.003835851,9.110218398,9.213116642,9.287550842,9.366583769,9.449483182,9.548440795,9.635781989,9.723249626,9.831088026,9.951536336,10.09281953,10.24528025,10.40524234,10.5736391,10.74741407,10.91035132,11.04494755,11.17025665,11.30030398,11.43659258,11.5734221,11.71663283,11.86218003,11.98822455,12.10241181,12.19802768,12.2575633,12.30455625,12.33609386,12.34974781,12.3606344,12.35828174,12.3407652,12.30521745,12.26052709,12.21992323,12.18812966,12.17148928,12.17200028,12.19020421,12.22083315,12.28523127,12.41819307,12.59852279,12.78781479,12.97011115,13.20180497,13.52058669,13.85401107,14.17084908,14.48079861,14.79334376,15.12329457,15.47913368,15.86439759,16.26926269,16.6816698,17.13158561,17.63835142,
Namibia,NAM,Population ages 65 and above (% of total population),SP.POP.65UP.TO.ZS,4.398573372,4.389731481,4.382152758,4.37555294,4.368916599,4.361085628,4.352801682,4.344331185,4.333151886,4.314652716,4.288015855,4.255275537,4.21650463,4.175272159,4.135101601,4.09729726,4.071352775,4.054917603,4.077827945,4.103393659,4.107660776,4.134154089,4.132648592,4.093643345,4.049946083,4.000492301,3.941894498,3.875241515,3.79603636,3.623072313,3.475820719,3.426295496,3.383956445,3.342750949,3.303178556,3.267286472,3.236218136,3.208439654,3.182754295,3.160690803,3.144947865,3.137964124,3.14057812,3.153306438,3.175200635,3.203299736,3.236829389,3.276255821,3.320720098,3.368620341,3.418387576,3.463944184,3.490436306,3.50171975,3.516701097,3.533421121,3.544524402,3.552122921,3.560491851,3.570994016,3.575211685,3.545287884,3.523214216,3.571181484,
New Caledonia,NCL,Population ages 65 and above (% of total population),SP.POP.65UP.TO.ZS,3.425897505,3.37005126,3.322845073,3.296422487,3.284161962,3.268587745,3.260801503,3.261586213,3.262996535,3.23179048,3.227620899,3.279933982,3.335668009,3.398083377,3.471242245,3.555904744,3.643075061,3.727895767,3.808964318,3.877609573,3.930448713,3.967868781,3.991464136,4.013793281,4.057861571,4.121771529,4.189124483,4.263494526,4.345929586,4.307425804,4.256868568,4.316423708,4.3853992,4.466706662,4.563323688,4.671409358,4.783109143,4.912196984,5.059881848,5.214229821,5.372526872,5.538928401,5.719625122,5.913532127,6.115788949,6.306750525,6.535539787,6.823412105,7.132473161,7.426642229,7.65132922,7.8387124,8.043205354,8.267045249,8.515083145,8.796544807,9.091887391,9.384544307,9.680786906,9.991854897,10.25471846,10.50877587,10.79310957,11.09033548,
Niger,NER,Population ages 65 and above (% of total population),SP.POP.65UP.TO.ZS,1.118671791,1.177053417,1.233739487,1.287778124,1.338630502,1.386141254,1.430497433,1.471370976,1.509036735,1.54487955,1.579390636,1.612141388,1.644098845,1.676126526,1.7079767,1.739790661,1.771924651,1.804575178,1.837112918,1.869111958,1.900277886,1.930154764,1.958755558,1.986146678,2.012092381,2.036515779,2.059922209,2.082408237,2.104000405,2.124189951,2.142435738,2.158718239,2.172867584,2.185370961,2.197199619,2.20840363,2.218658982,2.2283723,2.237345414,2.244951635,2.251731811,2.258505673,2.265715745,2.274293693,2.284944489,2.297550888,2.312202594,2.329475794,2.349703873,2.371623783,2.393050701,2.41136863,2.421750194,2.427275722,2.433736026,2.443735043,2.45772773,2.473706344,2.491420051,2.51074642,2.52637349,2.537053906,2.550725698,2.571035625,
Nigeria,NGA,Population ages 65 and above (% of total population),SP.POP.65UP.TO.ZS,3.329404177,3.348727128,3.365411845,3.377300976,3.38110961,3.376668568,3.364855324,3.343921449,3.320791813,3.301205073,3.28342816,3.268569132,3.256542791,3.245504431,3.233454407,3.219827696,3.206350503,3.193032806,3.180229757,3.169825512,3.161076842,3.155724133,3.154377361,3.155133515,3.155348644,3.154220202,3.153018229,3.150998934,3.147751757,3.143075351,3.136717448,3.129317034,3.120472841,3.111389945,3.102189605,3.092076508,3.081353193,3.069694146,3.057621213,3.046536893,3.037260445,3.029373096,3.023361715,3.0195883,3.016849672,3.014101008,3.011490677,3.010125235,3.010606034,3.012432056,3.014370511,3.014130372,3.009658459,2.997808449,2.981488961,2.970284375,2.965291795,2.963437612,2.966485287,2.974885042,2.981311381,2.990339009,3.00794222,3.02816299,
Nicaragua,NIC,Population ages 65 and above (% of total population),SP.POP.65UP.TO.ZS,2.603696933,2.583025629,2.565925046,2.551715014,2.539703623,2.531093786,2.526428792,2.524566245,2.524632706,2.525806954,2.527934661,2.530976662,2.526774009,2.524140063,2.530769201,2.538158824,2.546411644,2.555710311,2.563098671,2.567652333,2.576648712,2.590494471,2.604482158,2.619280839,2.637296778,2.659356764,2.685326765,2.714916217,2.746895675,2.779839692,2.812380557,2.844502947,2.876170581,2.907247225,2.937562159,2.967242029,3.042722856,3.163680019,3.283493277,3.403540318,3.527173544,3.655795944,3.790474376,3.929139016,4.069118171,4.194207696,4.2657993,4.299227422,4.3321433,4.363768984,4.394051364,4.4233845,4.458188905,4.510678712,4.592835909,4.695469505,4.799816387,4.901767771,5.007726466,5.115469557,5.160696435,5.163948452,5.239364944,5.379283673,
Netherlands,NLD,Population ages 65 and above (% of total population),SP.POP.65UP.TO.ZS,9.000269959,9.144059835,9.264084483,9.36334191,9.469386228,9.571559512,9.673135374,9.811951435,9.954162775,10.06749435,10.16857239,10.26463592,10.37068984,10.50309157,10.65851199,10.79111235,10.89816538,11.04535427,11.2148661,11.37027249,11.49279482,11.5948297,11.70357335,11.79782371,11.88516171,12.02731571,12.20628512,12.36413618,12.5229269,12.66488132,12.7627907,12.83850178,12.91082842,12.9727149,13.04467504,13.14721636,13.24671946,13.33557561,13.40232615,13.44380027,13.48077976,13.51857122,13.56866761,13.6596873,13.81395058,14.01849055,14.23388891,14.45434879,14.70462772,14.99309225,15.27907158,15.73028624,16.33999044,16.88016364,17.35244065,17.75669091,18.09439727,18.42023301,18.75100793,19.0648534,19.37039523,19.66180883,19.90128304,20.1567559,
Norway,NOR,Population ages 65 and above (% of total population),SP.POP.65UP.TO.ZS,11.02894876,11.23649854,11.42892751,11.60503838,11.77839223,11.97241223,12.18627162,12.39197592,12.57043863,12.71950436,12.86126618,13.00559362,13.14635212,13.29980132,13.48668268,13.68916811,13.89463491,14.12283128,14.35104351,14.56077348,14.75801555,14.93934331,15.13702216,15.35025436,15.51805181,15.72252381,15.95370091,16.10084398,16.19837131,16.2817167,16.31337663,16.29264441,16.24073012,16.13579006,16.02686011,15.93498956,15.83646884,15.72155783,15.5652512,15.3616589,15.1610925,15.0048176,14.86540147,14.76172752,14.72021787,14.70797668,14.67414184,14.63884129,14.65959928,14.78013657,14.98027678,15.24444535,15.52748031,15.77891447,16.02837625,16.27477397,16.51727097,16.78124205,17.08539696,17.39485563,17.72818393,18.07402261,18.3301335,18.53384759,
Nepal,NPL,Population ages 65 and above (% of total population),SP.POP.65UP.TO.ZS,2.978577359,3.006460646,3.034359663,3.062777809,3.092420772,3.123352394,3.154913958,3.186308668,3.216793442,3.246937052,3.276248726,3.304185558,3.331162667,3.357344325,3.381609596,3.404321125,3.426565878,3.448320335,3.469922951,3.491615648,3.513651984,3.534575219,3.552883446,3.567902536,3.580031234,3.590786003,3.601259427,3.612656099,3.624514658,3.635651688,3.645098922,3.652938296,3.658695876,3.665142544,3.674439001,3.685679118,3.701471322,3.723249408,3.750209509,3.781116997,3.815723857,3.854576556,3.905196581,3.967134107,4.03430979,4.120504877,4.230641976,4.352712351,4.479941987,4.607295516,4.730494283,4.861030755,5.011351951,5.179747036,5.343163693,5.482604372,5.625829042,5.787469452,5.946743214,6.048200392,6.088524551,6.110869852,6.1975197,6.360587709,
Nauru,NRU,Population ages 65 and above (% of total population),SP.POP.65UP.TO.ZS,3.884970157,3.603226144,3.314251281,3.090022003,2.901441654,2.683700592,2.523372218,2.379982069,1.690897598,1.033277617,0.946419256,1.013013901,1.09365825,1.136032625,1.177150285,1.230769231,1.26689787,1.500767835,2.041655248,2.725142283,3.41897104,4.043883148,4.645811307,4.953447332,4.888384863,4.68366273,4.404278442,4.09121395,3.682688635,3.162770885,2.634587404,2.065989848,1.696437481,1.667986537,1.731196054,1.790545526,1.831483846,1.848582917,1.78466366,1.683518209,1.622817802,1.549775431,1.463075931,1.446465851,1.476143141,1.477758981,1.494991778,1.506986028,1.483590589,1.422723642,1.339241263,1.272592226,1.271062628,1.331178093,1.377705376,1.497169984,1.66367713,1.788237372,1.925506426,2.041080521,2.117151937,2.220608959,2.431997288,2.677894737,
New Zealand,NZL,Population ages 65 and above (% of total population),SP.POP.65UP.TO.ZS,8.679058307,8.59128543,8.502800469,8.423280352,8.35773521,8.324826137,8.322819522,8.350604819,8.396328152,8.440527302,8.491581412,8.548949921,8.60263269,8.645051381,8.695278326,8.782763074,8.918077196,9.097944115,9.316544055,9.540137264,9.7260075,9.887258514,10.00881285,10.07075032,10.14655237,10.28100126,10.44510634,10.60489604,10.76402899,10.92503028,11.04154766,11.16129891,11.2955516,11.39336853,11.4649269,11.50328548,11.51516265,11.53228134,11.59068482,11.66961648,11.75807645,11.82752031,11.83110555,11.82249282,11.87567651,12.02185535,12.22562973,12.41725153,12.57940262,12.75540715,12.98321749,13.2934135,13.69321844,14.08642768,14.36917848,14.55535932,14.71130087,14.86855284,15.05788693,15.30161177,15.62071798,16.04657794,16.44638864,16.79858012,
OECD members,OED,Population ages 65 and above (% of total population),SP.POP.65UP.TO.ZS,8.222690527,8.316796717,8.404119412,8.479034961,8.566374603,8.688195989,8.812718099,8.934575675,9.044957723,9.142493737,9.256131168,9.363956743,9.478231288,9.597056482,9.718963804,9.847848371,9.972735392,10.10193316,10.23697692,10.36131028,10.43487572,10.44805733,10.4385497,10.41812254,10.44081648,10.5510048,10.70223913,10.85888016,11.01791482,11.16902145,11.31255394,11.45384816,11.5916258,11.7252813,11.87942421,12.0222922,12.14651568,12.28157728,12.41078471,12.53861014,12.67652162,12.82711541,12.97680247,13.11791264,13.27573727,13.45808859,13.6495112,13.83866174,14.01966096,14.19829218,14.35671035,14.56456717,14.87778094,15.21560682,15.53804775,15.83436937,16.11303439,16.39000989,16.66762617,16.9582183,17.26386352,17.57243576,17.89253265,18.24811992,
Oman,OMN,Population ages 65 and above (% of total population),SP.POP.65UP.TO.ZS,3.377855526,3.388326648,3.397819039,3.405239049,3.407748296,3.404954074,3.397856394,3.38616885,3.371114412,3.353247941,3.331774009,3.307941276,3.282217149,3.254737551,3.217521567,3.170835987,3.122374419,3.070858731,3.017813983,2.964706105,2.912465243,2.861574547,2.812616872,2.767975867,2.728825018,2.674314211,2.609593259,2.557201166,2.514875032,2.48027118,2.453040159,2.432549651,2.418897365,2.413815277,2.419740858,2.433616164,2.45140538,2.472862239,2.496412806,2.517922943,2.533421058,2.539696487,2.530057564,2.511553982,2.522724145,2.55721802,2.58331196,2.602022276,2.618798422,2.637560301,2.653542445,2.649034066,2.627353486,2.577405904,2.563836701,2.574915261,2.550139465,2.550184891,2.583561654,2.610742934,2.607022471,2.615964629,2.657547441,2.660444512,
Other small states,OSS,Population ages 65 and above (% of total population),SP.POP.65UP.TO.ZS,5.77914704,5.804365781,5.834347767,5.87861624,5.940634024,6.010359034,6.072428758,6.131318297,6.199140663,6.264516569,6.323989631,6.384317704,6.444061814,6.47998507,6.503598106,6.530366593,6.543212192,6.546102629,6.533127766,6.500687564,6.451753301,6.380566624,6.299064086,6.227332928,6.162170075,6.101002402,6.065530464,6.049909607,6.039204849,6.04033373,6.050050729,6.092980737,6.171406667,6.256151407,6.329886646,6.407041043,6.465646639,6.517961275,6.561285224,6.66572718,6.77873973,6.825459972,6.869711357,6.93381013,7.014598862,7.090040852,7.15561061,7.20390953,7.246133805,7.303111976,7.387355024,7.520373405,7.658517166,7.810370997,7.97105977,8.121531587,8.267845138,8.405701443,8.570635328,8.751800553,8.930138284,9.066305486,9.222320365,9.423991748,
Pakistan,PAK,Population ages 65 and above (% of total population),SP.POP.65UP.TO.ZS,2.412161794,2.434295426,2.457893858,2.486029933,2.52070967,2.562550052,2.615543713,2.679982259,2.749014344,2.816428419,2.877368941,2.922895546,2.962932289,3.006616252,3.04784641,3.088269792,3.128201674,3.166745775,3.203487023,3.236236467,3.255646637,3.268654439,3.286660453,3.307983541,3.332649748,3.354508264,3.370234289,3.382137116,3.391746917,3.400436306,3.405818417,3.409835198,3.419224813,3.428773426,3.435410598,3.441363848,3.44648076,3.452630825,3.460605709,3.470182258,3.478344127,3.487848537,3.504691918,3.524728477,3.544636748,3.566454219,3.590346405,3.612125758,3.634947357,3.661996823,3.691296265,3.724748509,3.760689382,3.789946329,3.805344294,3.820919407,3.850418628,3.888865369,3.93281543,3.984474956,4.022657772,4.05217393,4.111677093,4.196271457,
Panama,PAN,Population ages 65 and above (% of total population),SP.POP.65UP.TO.ZS,3.293592521,3.299767776,3.307786072,3.31557538,3.32262522,3.329296665,3.337022926,3.345533629,3.355424635,3.367461301,3.381536671,3.398891189,3.418810632,3.441342346,3.470442425,3.507700496,3.551227254,3.59972386,3.651883314,3.706753389,3.763842671,3.822880258,3.881016717,3.936354488,3.990921439,4.04422706,4.095388271,4.14492804,4.194236092,4.243662171,4.293114914,4.343798533,4.396397895,4.452375312,4.511648144,4.572082728,4.634639546,4.703148435,4.777802658,4.858050384,4.94600578,5.042797178,5.149050408,5.265585034,5.389808451,5.521026023,5.660566316,5.8063878,5.958681656,6.118958664,6.285098532,6.455346135,6.629889881,6.808380821,6.998804373,7.197954967,7.398575335,7.606423196,7.829088809,8.069543525,8.293416124,8.50886166,8.766300829,9.056735293,
Peru,PER,Population ages 65 and above (% of total population),SP.POP.65UP.TO.ZS,3.667184418,3.683822916,3.752392761,3.864134335,3.966095488,4.053405615,4.120442627,4.170859335,4.203841107,4.222038553,4.230134773,4.26834166,4.350799621,4.381274958,4.36178725,4.352555573,4.342538616,4.313959594,4.260053677,4.195049252,4.103479478,3.995495765,3.898289442,3.811275302,3.737583388,3.678129979,3.632681743,3.600349805,3.578300382,3.564520355,3.558465279,3.561670582,3.572857293,3.592535644,3.652175348,3.752550575,3.855400457,3.951213389,4.039861846,4.147689891,4.307146189,4.52374401,4.789913449,5.089345674,5.402262802,5.733878333,6.086287658,6.4428092,6.739612231,6.971790071,7.194093712,7.405219999,7.613360863,7.822236019,8.022008096,8.19443423,8.304772293,8.403775092,8.503951404,8.606973777,8.718075031,8.75409226,8.81067934,8.992566157,
Philippines,PHL,Population ages 65 and above (% of total population),SP.POP.65UP.TO.ZS,2.23177179,2.19437477,2.167401917,2.148669209,2.138293861,2.136299647,2.141255527,2.152108874,2.168126957,2.18605301,2.206565304,2.235667135,2.275005706,2.319825493,2.36881144,2.420576937,2.467926568,2.510699049,2.550445026,2.58739894,2.624233667,2.658883758,2.687029272,2.709078994,2.728138261,2.747165224,2.76580785,2.779770642,2.791287203,2.804908547,2.815733658,2.826225462,2.835564787,2.844680616,2.857952424,2.871741771,2.88757376,2.908522678,2.932716017,2.95965996,2.988487455,3.02090178,3.05926749,3.099522747,3.13944332,3.177988347,3.216610565,3.251486706,3.283546098,3.3133081,3.341359834,3.37924918,3.431819727,3.509822786,3.623377172,3.770242345,3.937811109,4.118155403,4.314089106,4.519426744,4.725674311,4.880730445,5.041315183,5.262171561,
Palau,PLW,Population ages 65 and above (% of total population),SP.POP.65UP.TO.ZS,4.856606808,4.740973312,4.676809966,4.622895287,4.595802565,4.631429249,4.715627748,4.682380779,4.490072202,4.310422081,4.248581607,4.307339059,4.412005905,4.493307839,4.512670949,4.480442513,4.448942334,4.506806116,4.662566823,4.887736078,5.109608019,5.17276136,5.124266415,5.070736583,5.076104071,5.124739745,5.216244162,5.389472215,5.58552407,5.767815323,5.885051445,5.882352941,5.813371693,5.716903344,5.635062612,5.559755743,5.463351082,5.340181135,5.236308672,5.205936037,5.203743776,5.213931377,5.283937957,5.394475813,5.504402008,5.578121452,5.609146124,5.688529686,5.834232054,5.986263663,6.142472753,6.375328447,6.65615941,6.96112874,7.256562235,7.518500802,7.844018655,8.252863238,8.66990373,9.093718395,9.521133094,9.936456166,10.37783659,10.85037371,
Papua New Guinea,PNG,Population ages 65 and above (% of total population),SP.POP.65UP.TO.ZS,1.113547903,1.110610708,1.100950204,1.086567702,1.069996214,1.053707365,1.043300869,1.041397731,1.043226681,1.046312588,1.051552954,1.058945306,1.062115919,1.063766131,1.073030717,1.090655692,1.117321542,1.15397029,1.201229544,1.259559785,1.329741032,1.409094129,1.493463436,1.580827884,1.669580105,1.758167117,1.844776897,1.927823281,2.005452762,2.078566352,2.155842946,2.226594464,2.279646036,2.323177165,2.360827627,2.393924309,2.423451885,2.449987054,2.473293971,2.494666391,2.514925104,2.53968121,2.567511987,2.591363124,2.611858868,2.629475184,2.645056404,2.660079506,2.675636362,2.692664139,2.711755765,2.733166347,2.755293334,2.779638786,2.808501871,2.844538516,2.887995521,2.936533375,2.991075589,3.050673274,3.110558439,3.170955735,3.247020448,3.348308194,
Poland,POL,Population ages 65 and above (% of total population),SP.POP.65UP.TO.ZS,5.764023058,5.962770427,6.163643511,6.374291664,6.587189389,6.848304538,7.143980332,7.424545018,7.705656963,7.971663943,8.235206287,8.492067265,8.767796594,9.042814096,9.294869818,9.534324455,9.722307366,9.899026271,10.04958091,10.15250443,10.12502516,9.972263101,9.795902737,9.588954894,9.459235405,9.432618386,9.442162917,9.526523563,9.711842795,9.910785566,10.10671006,10.29140292,10.45270212,10.64275653,10.86449392,11.1182615,11.37424752,11.60561965,11.81590154,12.02419183,12.24416918,12.46521835,12.68219874,12.87438562,13.05970419,13.23479262,13.3771602,13.46436958,13.51051095,13.54552788,13.57078829,13.7095292,14.0246185,14.43082182,14.88280069,15.37753283,15.91291151,16.46593604,17.01456161,17.5584217,18.07604682,18.5352369,19.0192157,19.56091147,
Pre-demographic dividend,PRE,Population ages 65 and above (% of total population),SP.POP.65UP.TO.ZS,3.108076828,3.107082354,3.105598977,3.103881973,3.101169626,3.097340936,3.092857904,3.087313957,3.082008052,3.078097743,3.075025966,3.073004377,3.072059183,3.071064998,3.07052392,3.070429337,3.070263806,3.070011559,3.06928476,3.068803102,3.06900056,3.070506221,3.071149377,3.069147093,3.066169221,3.061812265,3.056516846,3.05488332,3.04800584,3.033490501,3.019269236,3.003755422,2.98633609,2.96824667,2.948940898,2.930478541,2.915554789,2.90047146,2.882871175,2.867354092,2.854725557,2.842542252,2.83137904,2.820970681,2.810371826,2.799242714,2.788602127,2.77944315,2.771601558,2.76553293,2.76323835,2.764378802,2.767052705,2.768937919,2.76895361,2.771674547,2.777554128,2.787176567,2.804638039,2.825837165,2.839244852,2.848331595,2.864644267,2.887455264,
Puerto Rico,PRI,Population ages 65 and above (% of total population),SP.POP.65UP.TO.ZS,4.956603806,5.140471045,5.324495222,5.51535208,5.704674341,5.891806973,6.088573227,6.301773399,6.527703196,6.761968009,6.933348254,7.022435104,7.102801356,7.19481165,7.29995893,7.423859333,7.563412076,7.708621348,7.853740648,7.993869268,8.087799656,8.131666342,8.173375515,8.235560643,8.324870564,8.440607523,8.570727779,8.71627051,8.885805577,9.072229029,9.289001448,9.542040751,9.80597783,10.0547522,10.28162654,10.49230317,10.69203887,10.89290577,11.10036263,11.31096889,11.56440935,11.88815774,12.26672177,12.69410251,13.15673054,13.64356862,14.15715207,14.68780622,15.21045897,15.70339285,16.04598426,16.25725152,16.52643331,16.93235691,17.48109206,18.14675487,18.9020881,19.9137957,20.92987136,21.69549651,22.45383959,23.20577215,23.81498,24.2437244,
"Korea, Dem. People's Rep.",PRK,Population ages 65 and above (% of total population),SP.POP.65UP.TO.ZS,3.281924785,3.341890511,3.391486463,3.425487902,3.450825866,3.471837554,3.485520238,3.488385213,3.485358231,3.47998294,3.47019909,3.45930329,3.445309063,3.437424476,3.44386943,3.458579917,3.481936518,3.514220538,3.550404236,3.586963373,3.626428373,3.674450897,3.734023059,3.806322688,3.889088842,3.977913179,4.071776425,4.171110386,4.276347925,4.3876365,4.50520723,4.630487948,4.763904021,4.906144407,5.069044241,5.238180344,5.408803889,5.602453482,5.827290392,6.090809663,6.386139523,6.708866045,7.060357109,7.451227419,7.858884682,8.247625621,8.61169197,8.946095479,9.250716269,9.529477298,9.796957117,10.06859406,10.33324451,10.5613499,10.75085414,10.94634873,10.98659479,10.87340885,10.84093753,10.92479318,11.08864939,11.28249774,11.59305317,12.02859778,
Portugal,PRT,Population ages 65 and above (% of total population),SP.POP.65UP.TO.ZS,7.880635864,7.998655997,8.119218604,8.226985328,8.289676316,8.481538873,8.711144388,8.858586263,9.059021219,9.250570452,9.522512973,9.746992199,9.866144063,10.01353415,10.11970073,10.3151361,10.52724544,10.67488528,10.85398835,11.04805008,11.25980931,11.44507911,11.59307326,11.69437611,11.78627415,11.97634924,12.24780895,12.53029271,12.82501896,13.1552005,13.50049812,13.84401209,14.16408547,14.43752703,14.69921973,14.96739776,15.22387699,15.47347343,15.71266788,15.90886386,16.13090064,16.38771317,16.60606639,16.80629256,17.0413986,17.26806267,17.46418703,17.66261968,17.89268834,18.17585543,18.51770451,18.86558298,19.20037287,19.62765928,20.11410315,20.5742533,21.02699864,21.48828305,21.93239301,22.3900784,22.8627034,23.2908706,23.68800352,24.11151061,
Paraguay,PRY,Population ages 65 and above (% of total population),SP.POP.65UP.TO.ZS,3.915766996,3.888826052,3.865761506,3.883483381,3.933034251,3.968140999,3.992060928,4.008105853,4.017782229,4.021470742,4.019529922,4.003132808,3.963129438,3.965167345,4.00413845,4.039867776,4.096981481,4.167389383,4.236032559,4.282662807,4.291530131,4.267221102,4.189866773,4.078187077,3.98072217,3.901676332,3.841533424,3.798969498,3.772523613,3.762103619,3.768843318,3.79211382,3.828522173,3.871241544,3.910885083,3.940363843,3.957617029,3.963989745,3.965244671,3.971640179,3.992810635,4.034850586,4.098014798,4.180337079,4.272875721,4.370085555,4.480715548,4.606317622,4.737454671,4.866328533,4.9860042,5.096123121,5.205385511,5.322681613,5.446611105,5.563090924,5.673233345,5.785780766,5.904418463,6.031780531,6.150038172,6.187540974,6.230911074,6.36927529,
West Bank and Gaza,PSE,Population ages 65 and above (% of total population),SP.POP.65UP.TO.ZS,3.910004888,3.799106723,3.679847333,3.557262823,3.436534421,3.319373142,3.204788232,3.091290874,2.984199123,2.887961936,2.800329129,2.721993875,2.652586392,2.58775463,2.523499688,2.460954858,2.40178761,2.345879113,2.294141185,2.248451806,2.209646519,2.175707268,2.146842709,2.123670486,2.106739618,2.094706423,2.087089437,2.084257466,2.083290662,2.08184148,2.080603366,2.080505026,2.080490215,2.084211316,2.094886087,2.11101549,2.132082482,2.158554653,2.194176763,2.238100785,2.284160521,2.337548982,2.404206764,2.476375932,2.545179347,2.609798925,2.670176588,2.726463431,2.782159134,2.838791547,2.895891138,2.955059121,3.017759298,3.078215093,3.144785475,3.215026213,3.284050753,3.355695571,3.427643118,3.505085353,3.575394718,3.630266547,3.702799292,3.802474358,
Pacific island small states,PSS,Population ages 65 and above (% of total population),SP.POP.65UP.TO.ZS,3.388973696,3.292215674,3.206447584,3.132988523,3.075734428,3.034985092,3.013141765,2.997363947,2.986913031,2.982589501,2.973282891,2.967419419,2.968700152,2.969911632,2.964075299,2.95733085,2.950870721,2.943807153,2.946966392,3.059796807,3.16842464,3.173887948,3.181638769,3.193273575,3.206209403,3.221746064,3.247602569,3.262023137,3.261495374,3.267736303,3.273053251,3.276377604,3.293757582,3.325448571,3.358506896,3.382724672,3.397655274,3.420421653,3.452789587,3.489839933,3.532554587,3.580617432,3.630318467,3.680646738,3.735436854,3.790548351,3.845546932,3.902638611,3.9577116,4.008871613,4.065174534,4.134975527,4.205935712,4.279331101,4.359788006,4.436244119,4.514684617,4.609129251,4.716663927,4.817500784,4.895448355,4.948156663,5.007628049,5.090199482,
Post-demographic dividend,PST,Population ages 65 and above (% of total population),SP.POP.65UP.TO.ZS,8.729743357,8.842895729,8.944539964,9.033713262,9.138812099,9.287563499,9.441777672,9.590547109,9.733889751,9.865323099,10.01039151,10.14856934,10.29724626,10.45099112,10.61043679,10.77922357,10.94870903,11.12779222,11.31132066,11.47527578,11.58011074,11.60528644,11.59560979,11.58202926,11.62117318,11.75625695,11.93781511,12.12655542,12.31808176,12.50126873,12.67916134,12.85742213,13.03425207,13.20750546,13.4099116,13.58700424,13.72836283,13.88574481,14.0291021,14.16362924,14.31456526,14.49033628,14.67365651,14.85051872,15.04147764,15.25321774,15.4703031,15.68016161,15.87555088,16.06932132,16.23995777,16.46888435,16.82660267,17.21006183,17.57802573,17.92132826,18.2359273,18.55039184,18.86458861,19.18561459,19.51633466,19.86330631,20.22440971,20.62400432,
French Polynesia,PYF,Population ages 65 and above (% of total population),SP.POP.65UP.TO.ZS,2.587515388,2.571560669,2.548661208,2.532971533,2.520913346,2.505793215,2.48742694,2.471911206,2.455960547,2.436178039,2.416444099,2.430783709,2.480586447,2.528257226,2.570406279,2.61069044,2.649975202,2.705304505,2.775479068,2.836331968,2.879766858,2.905783394,2.913961331,2.915001208,2.929409698,2.949634922,2.964945777,2.984000966,3.014196206,3.063225516,3.131126504,3.21116374,3.291044106,3.362389008,3.4285231,3.51074654,3.616132902,3.742337581,3.888943755,4.05249477,4.21657922,4.368541259,4.527889158,4.710555284,4.90721835,5.122800392,5.350406309,5.570151405,5.788642181,6.004864898,6.212949959,6.413422295,6.612263282,6.830404674,7.07376419,7.315216687,7.556841078,7.87488865,8.304221889,8.775111232,9.206365124,9.652885,10.17269543,10.72554812,
Qatar,QAT,Population ages 65 and above (% of total population),SP.POP.65UP.TO.ZS,3.389336295,3.286290323,3.159274487,3.030934588,2.911153119,2.801841879,2.703208112,2.61912217,2.543896936,2.481424502,2.342081401,2.151188464,1.997863576,1.871275291,1.761369403,1.665311492,1.580950149,1.504760637,1.431303826,1.36003402,1.292071609,1.227037753,1.165672135,1.104913727,1.045337733,0.990598198,0.974316331,0.997089461,1.024644724,1.053105163,1.084794588,1.119154011,1.151691554,1.177910388,1.197794816,1.212365722,1.222074464,1.230425767,1.240741379,1.247345921,1.243819662,1.229634547,1.206403217,1.176408185,1.155906418,1.158579247,1.139612122,1.076084213,0.992754768,0.895526905,0.862464637,0.928877109,1.03001022,1.084721798,1.061792161,1.050845775,1.086223903,1.122525339,1.144272913,1.172120299,1.247692513,1.303862689,1.391102022,1.572095028,
Romania,ROU,Population ages 65 and above (% of total population),SP.POP.65UP.TO.ZS,6.87879894,6.981585141,7.127793093,7.318265624,7.530658078,7.758052213,8.005212859,8.221627908,8.391805095,8.548212936,8.69224535,8.842232968,9.022075081,9.218750252,9.422928186,9.650142208,9.884225433,10.14075346,10.37832037,10.5532799,10.60810107,10.50561718,10.26145568,9.909214515,9.756453121,9.818809935,9.919395998,10.07464677,10.22897684,10.39611095,10.60142252,10.81419045,11.06080694,11.36898704,11.68971547,12.02215465,12.34056032,12.64552537,12.94010041,13.20916493,13.48756795,13.80030513,14.13125709,14.43428182,14.70367014,14.91675009,15.09063447,15.25274935,15.41525301,15.62888899,15.83999647,16.05739687,16.26635279,16.45828142,16.79392668,17.2096253,17.57419288,17.9121341,18.24967782,18.60423653,19.0166657,19.32696583,19.51524702,19.75314092,
Russian Federation,RUS,Population ages 65 and above (% of total population),SP.POP.65UP.TO.ZS,5.984726209,6.106164219,6.188000949,6.290372896,6.425370642,6.600445674,6.797377627,6.985206752,7.220406056,7.466101816,7.672490707,7.894891186,8.147428269,8.390672546,8.652710007,8.926118117,9.200025891,9.495234765,9.780792999,10.02293589,10.17701166,10.11985605,9.934648256,9.81957154,9.736472182,9.605254711,9.495811873,9.457072897,9.506384508,9.697695266,9.988462141,10.34694957,10.8065426,11.26328298,11.60393424,11.8845433,12.11917183,12.2950368,12.35983362,12.30892995,12.32969834,12.48948584,12.76513624,13.11177065,13.46328937,13.74047315,13.90282141,13.84747306,13.5032807,13.05613563,12.70061131,12.5963495,12.71299618,12.88378395,13.1683588,13.53446475,13.87152526,14.24092917,14.63025009,15.06329933,15.47214224,15.73339879,16.07553629,16.60464273,
Rwanda,RWA,Population ages 65 and above (% of total population),SP.POP.65UP.TO.ZS,3.088630178,3.086782162,3.089225602,3.089793904,3.082642657,3.066580782,3.039306707,3.001768526,2.9588062,2.915749762,2.8744795,2.835347621,2.798948425,2.768244252,2.738830028,2.703935649,2.666502597,2.629013446,2.590100971,2.546497132,2.499458741,2.449255554,2.395243392,2.343483489,2.302964801,2.276868905,2.262502945,2.258110517,2.262534351,2.272932254,2.28649465,2.304281852,2.317217553,2.318919171,2.132037464,1.84375792,1.834518251,1.825508128,1.881025858,2.007268979,2.144357077,2.294338504,2.433900226,2.515146663,2.556958168,2.596927195,2.631003632,2.660929524,2.688318868,2.712711676,2.73524145,2.760151027,2.793991376,2.835778043,2.889327066,2.96109406,3.04670211,3.142784778,3.246753923,3.357025221,3.475701557,3.605657995,3.721448125,3.821850222,
South Asia,SAS,Population ages 65 and above (% of total population),SP.POP.65UP.TO.ZS,3.193891996,3.222563663,3.265472906,3.314632461,3.358585766,3.392425873,3.418158561,3.43721586,3.456683369,3.483388486,3.512953902,3.53961707,3.571970626,3.6123881,3.650036294,3.684314535,3.716389663,3.744346209,3.769753163,3.792104969,3.810241987,3.826458208,3.840588984,3.852147441,3.861747068,3.86985532,3.877321638,3.885107258,3.893956179,3.904309391,3.917238625,3.932846073,3.950689593,3.971069063,3.995236032,4.022664122,4.052555693,4.08542971,4.121200795,4.159874781,4.201062937,4.244693107,4.292389348,4.34290279,4.391451615,4.438168287,4.485074104,4.534016084,4.587040469,4.644302965,4.708135062,4.781343313,4.863278274,4.949394182,5.060560341,5.200799459,5.353042642,5.515328468,5.687030866,5.86555902,6.029375262,6.140626481,6.277193582,6.471745398,
Saudi Arabia,SAU,Population ages 65 and above (% of total population),SP.POP.65UP.TO.ZS,3.274426599,3.242963703,3.208407918,3.171116978,3.131520827,3.090357696,3.047941741,3.003111576,2.954936172,2.903517413,2.848445439,2.787114286,2.718729433,2.64638082,2.572917564,2.502125086,2.434798904,2.369651044,2.307660006,2.250127899,2.197942559,2.149324879,2.103535555,2.063121705,2.030300987,2.005721573,1.985579649,1.969005259,1.961421471,1.961283396,1.965375273,1.974129144,1.987459822,2.005535917,2.027644699,2.053487613,2.083676614,2.118637892,2.158192578,2.202177219,2.228379249,2.236756177,2.248392244,2.263311252,2.28102624,2.301396068,2.324417041,2.348925517,2.372049578,2.389537863,2.39668649,2.389678554,2.36663228,2.328221225,2.28000576,2.228113032,2.213650756,2.28023791,2.380746357,2.45024815,2.522581647,2.618554308,2.702494175,2.819503869,
Sudan,SDN,Population ages 65 and above (% of total population),SP.POP.65UP.TO.ZS,2.90036845,2.87165251,2.84048329,2.80809095,2.775857604,2.744295906,2.714252212,2.686103796,2.660455333,2.637960661,2.618446445,2.601697454,2.588296034,2.559977384,2.534437968,2.523726346,2.514318142,2.50738494,2.491735825,2.475092021,2.461983932,2.454971571,2.453333137,2.45293108,2.485223974,2.54623617,2.61291296,2.682342792,2.747242623,2.807178063,2.862457408,2.912736137,2.956645085,2.986237242,2.99862978,3.000298819,3.002138892,2.995677703,2.973778411,2.946324877,2.914219527,2.879891376,2.844340433,2.809407669,2.767096065,2.718307992,2.679091166,2.651388518,2.62342237,2.598575535,2.586639934,2.586536117,2.597191119,2.616060084,2.639406039,2.673037342,2.720969313,2.778043464,2.843365484,2.917953322,2.989897398,3.053637258,3.125011042,3.211660429,
Senegal,SEN,Population ages 65 and above (% of total population),SP.POP.65UP.TO.ZS,2.824397686,2.795576734,2.772155324,2.753338844,2.737669513,2.723968177,2.712207127,2.702657039,2.694798385,2.688194057,2.683255986,2.679979243,2.677929037,2.677557155,2.678828664,2.682045946,2.688090667,2.697365168,2.709678254,2.724397234,2.740676039,2.757721758,2.775663188,2.795231057,2.816791213,2.840443845,2.866719917,2.895249833,2.925866623,2.95831633,2.990859557,3.023138994,3.055649243,3.087233495,3.117208587,3.145262469,3.170360165,3.191761292,3.209065983,3.221545991,3.228998842,3.234391226,3.277336007,3.340314533,3.384124454,3.421676455,3.454780306,3.485977278,3.515311987,3.542783647,3.568150229,3.58403202,3.591692255,3.5791839,3.548607251,3.523623343,3.506896013,3.498380921,3.499375114,3.510519512,3.527465943,3.543105685,3.563392044,3.590387836,
Singapore,SGP,Population ages 65 and above (% of total population),SP.POP.65UP.TO.ZS,2.354811966,2.425468179,2.499977486,2.583696135,2.6780359,2.778243259,2.881861424,2.990824036,3.106101611,3.228017343,3.351616355,3.471309644,3.594500664,3.727245167,3.868908202,4.021184709,4.181475289,4.343193033,4.494657614,4.627606141,4.72097766,4.758389479,4.79980909,4.886481906,5.003449197,5.15060258,5.309030812,5.443815913,5.536065594,5.585480432,5.5996514,5.612824193,5.666527557,5.741446678,5.804904124,5.837533105,5.84066027,5.851727424,5.928550328,6.091365887,6.24975683,6.352756424,6.444729397,6.585533239,6.812121691,7.044280554,7.182626142,7.184878109,7.168620069,7.246485028,7.337236021,7.4822678,7.780315243,8.165142955,8.576064054,8.998207259,9.447941212,9.964019954,10.48364861,10.97505319,11.58494777,12.25819422,12.6908966,13.09536672,
Solomon Islands,SLB,Population ages 65 and above (% of total population),SP.POP.65UP.TO.ZS,2.900750243,2.892689207,2.903536912,2.936713261,2.996374563,3.073653442,3.156299975,3.24423879,3.337552442,3.433801127,3.461906569,3.424280253,3.396587466,3.382435469,3.373401934,3.36721554,3.336011989,3.278635006,3.234487387,3.209568912,3.200075587,3.20394394,3.215909091,3.235334771,3.261245596,3.292554048,3.326114816,3.323833664,3.293495896,3.273759501,3.262479823,3.25950983,3.264859954,3.274872981,3.289618934,3.307224351,3.324549852,3.343276696,3.362914637,3.381993749,3.393655399,3.398608405,3.402553363,3.405423321,3.410371862,3.41878838,3.431697124,3.448127632,3.464985554,3.477142322,3.470283394,3.453869734,3.448095515,3.455277379,3.478314433,3.517824887,3.572806183,3.640591741,3.716677878,3.741895524,3.702763473,3.654905674,3.62869463,3.626537568,
Sierra Leone,SLE,Population ages 65 and above (% of total population),SP.POP.65UP.TO.ZS,3.81965974,3.868998989,3.9135572,3.953141086,3.987992856,4.018951122,4.046964215,4.072164828,4.094264228,4.113453059,4.129450213,4.142337434,4.152128278,4.158767752,4.162136842,4.162984869,4.162264512,4.159522026,4.154531672,4.147499345,4.138839133,4.128435971,4.115756108,4.100704681,4.083263869,4.063461307,4.041407266,4.017371514,3.99193802,3.965233834,3.936841832,3.905147745,3.869355213,3.832945305,3.79314683,3.750090628,3.707721214,3.667570151,3.624925363,3.580788383,3.539246157,3.502385772,3.46946138,3.437992679,3.407788668,3.378820685,3.352744954,3.329861928,3.310605376,3.296336733,3.284250248,3.269786955,3.255226619,3.228579644,3.185249226,3.154260901,3.140682621,3.132194535,3.129916317,3.135162728,3.14095012,3.151594112,3.175379296,3.206679454,
El Salvador,SLV,Population ages 65 and above (% of total population),SP.POP.65UP.TO.ZS,3.278268332,3.229964572,3.213765477,3.228486743,3.243711805,3.258809439,3.275153257,3.291814671,3.304539438,3.309548341,3.253750923,3.15098537,3.061533782,2.982134895,2.909033652,2.841802294,2.792704432,2.75868258,2.732518691,2.70909573,2.685049703,2.665197713,2.646351729,2.627742855,2.615379501,2.616020514,2.633789249,2.658066862,2.689905804,2.741716848,2.802012287,2.867530598,2.937969437,3.064634861,3.255124272,3.460100392,3.680326861,3.914363022,4.158146682,4.40917124,4.668356282,4.936394741,5.214168471,5.505019214,5.810409929,6.131192213,6.465642157,6.638613158,6.650493967,6.675353435,6.719120564,6.781402096,6.855106539,6.938657293,7.030190874,7.130822578,7.245089928,7.370138103,7.499580976,7.626362686,7.709730109,7.762443429,7.861630914,8.000318244,
San Marino,SMR,Population ages 65 and above (% of total population),SP.POP.65UP.TO.ZS,10.09204045,9.953476596,9.788351614,9.607961399,9.439241327,9.314957672,9.270937366,9.226594301,9.182016684,9.158738524,9.128939039,9.129160106,9.238016661,9.366855338,9.534944824,9.742203087,9.92699966,10.29848882,10.67275451,10.87711069,10.99606208,11.00936334,11.06980118,11.28506197,11.606104,12.00551467,12.40501855,12.80553658,13.10058006,13.32627896,13.60809372,13.93843891,14.22827416,14.41238967,14.58929219,14.83226012,15.03443675,15.19156605,15.34354067,15.43868932,15.52669876,15.64123347,15.77999673,15.94267962,16.08722631,16.23470941,16.39112032,16.56632157,16.78366412,16.98238617,17.16818783,17.38630358,17.66990871,17.95954789,18.22508191,18.48765523,18.74185852,18.99761475,19.31592742,19.65342106,19.94909185,20.39771495,21.02376063,21.68235381,
Somalia,SOM,Population ages 65 and above (% of total population),SP.POP.65UP.TO.ZS,3.162396817,3.197841232,3.229126909,3.256760228,3.281105852,3.30244593,3.320906284,3.336727903,3.350020252,3.360751966,3.369058046,3.375024201,3.378567818,3.379950326,3.376031651,3.367323655,3.357691536,3.350721262,3.344560652,3.335338857,3.323768498,3.308616012,3.29019455,3.270199067,3.248325514,3.224251693,3.197868035,3.170142863,3.133064561,3.092728878,3.058933589,2.97505364,2.840438194,2.767511714,2.747852453,2.725543023,2.701445706,2.673727798,2.646038823,2.622214317,2.601956869,2.586537817,2.576642688,2.567897552,2.554037069,2.53413869,2.511712107,2.488191408,2.465407091,2.445452593,2.426145063,2.383764292,2.349046864,2.350349889,2.362608888,2.392332681,2.431133326,2.461893285,2.488858347,2.517773253,2.537229996,2.537097171,2.541813381,2.564567098,
Serbia,SRB,Population ages 65 and above (% of total population),SP.POP.65UP.TO.ZS,6.552282409,6.67234152,6.79525958,6.950597839,7.163816605,7.42563059,7.713329369,8.00131919,8.263505766,8.50204403,8.726316996,8.944583353,9.164861496,9.390488865,9.634116277,9.89979053,10.1634289,10.38185769,10.51568878,10.53977318,10.4240035,10.1817145,9.889212881,9.646512563,9.561182524,9.66272108,9.892620773,10.19074783,10.52674468,10.89183678,11.2883661,11.72416607,12.19563428,12.68792138,13.19406134,13.71031566,14.22872857,14.73726543,15.22421935,15.67281865,16.0681727,16.40935675,16.71526793,16.9829002,17.18647669,17.3287764,17.41648204,17.45263824,17.44023802,17.40828965,17.37595382,17.39576531,17.58918514,17.95000384,18.3902831,18.88397971,19.38536921,19.90738257,20.48640467,21.06436085,21.57087512,21.88860101,22.07767434,22.33835966,
Sub-Saharan Africa (excluding high income),SSA,Population ages 65 and above (% of total population),SP.POP.65UP.TO.ZS,3.126913537,3.120263969,3.117916502,3.115601783,3.112885632,3.109560528,3.105708016,3.101551511,3.098343042,3.095817656,3.092019146,3.085638192,3.07920968,3.074605655,3.071122751,3.068616009,3.066821006,3.067915935,3.072281343,3.077830738,3.07766958,3.073659418,3.073668108,3.075336981,3.076590028,3.076506639,3.074699707,3.076305626,3.075005611,3.066760721,3.057750452,3.050116483,3.044409463,3.034612334,3.026994864,3.022509352,3.018560809,3.015474212,3.009341167,3.003581393,2.999094172,2.99482403,2.990801684,2.986557183,2.981422014,2.97584955,2.969747418,2.963536262,2.957653335,2.952397259,2.950065445,2.951416912,2.9562675,2.962251176,2.967666493,2.975455367,2.986779703,3.003292945,3.027502476,3.05633405,3.079882253,3.097602792,3.121672021,3.154885756,
South Sudan,SSD,Population ages 65 and above (% of total population),SP.POP.65UP.TO.ZS,2.914490208,2.86432333,2.813800711,2.750687228,2.693377701,2.643600688,2.572763202,2.496759872,2.430402879,2.368228153,2.309660272,2.27578748,2.264052409,2.266868116,2.283080495,2.300187087,2.317773738,2.336064632,2.354096083,2.37047898,2.385233291,2.398965028,2.412156081,2.423172945,2.431468776,2.440913837,2.45255236,2.456162553,2.380153087,2.312756532,2.333074343,2.35343398,2.366770443,2.373182822,2.390516692,2.41167178,2.425710646,2.439756655,2.427782229,2.4176712,2.433396729,2.446479423,2.457014618,2.466194122,2.474982514,2.483662034,2.492851995,2.502656075,2.513391611,2.525618928,2.538725431,2.550444401,2.561020394,2.568148171,2.558652826,2.534876804,2.519228351,2.523517169,2.561445116,2.626435906,2.693937365,2.761693132,2.835790459,2.912388815,
Sub-Saharan Africa,SSF,Population ages 65 and above (% of total population),SP.POP.65UP.TO.ZS,3.127449099,3.120774112,3.118417171,3.116095953,3.113374853,3.110047775,3.106196986,3.102045324,3.098845379,3.096331835,3.092546619,3.086169878,3.079737274,3.075126652,3.071643973,3.069144062,3.067358049,3.068463511,3.072828627,3.078376222,3.078213398,3.074203392,3.074207964,3.075868431,3.077117792,3.07703441,3.075229914,3.076857587,3.075551139,3.067294001,3.05827052,3.050629749,3.044913256,3.035117395,3.02750713,3.023024627,3.019082528,3.016002704,3.009874504,3.004114607,2.999620875,2.9953388,2.99131753,2.987050218,2.981896201,2.976310652,2.970204181,2.9639815,2.958094881,2.952827994,2.950493738,2.951815707,2.956651844,2.96262803,2.968038451,2.975827339,2.987148831,3.003659829,3.027868639,3.056703288,3.080261103,3.097999675,3.122162167,3.155377821,
Small states,SST,Population ages 65 and above (% of total population),SP.POP.65UP.TO.ZS,5.151085106,5.171468836,5.185587946,5.205156008,5.237838476,5.275405805,5.310152817,5.344596912,5.38611027,5.426744014,5.465964138,5.510270743,5.559620902,5.597681106,5.62812132,5.662352172,5.689008669,5.710104829,5.722177902,5.734595527,5.731260617,5.694510618,5.64918889,5.610164814,5.575669287,5.54499439,5.534122054,5.536380598,5.541409174,5.556588162,5.574798935,5.610615984,5.666446713,5.725989711,5.780402448,5.838683694,5.888055239,5.937109569,5.98611395,6.078484252,6.179563424,6.240054516,6.298731089,6.371037793,6.450827339,6.523755448,6.591815338,6.650259372,6.706397241,6.775830846,6.864438261,6.983369162,7.106872052,7.238546288,7.379662248,7.517728752,7.657552403,7.797288825,7.948757567,8.11655739,8.286857675,8.416253776,8.564629298,8.759242893,
Sao Tome and Principe,STP,Population ages 65 and above (% of total population),SP.POP.65UP.TO.ZS,3.624360407,3.713622437,3.843521487,3.968678462,4.086614784,4.201311384,4.305171856,4.395619327,4.484718786,4.568694715,4.588639189,4.579604185,4.595821868,4.608806976,4.60896164,4.594155095,4.566898142,4.52021336,4.468302877,4.43261214,4.437611625,4.495850519,4.522573848,4.498445591,4.477696111,4.445139796,4.397210976,4.346051378,4.297130543,4.246993224,4.201496178,4.187865215,4.202638358,4.220990749,4.23596331,4.245894955,4.252274353,4.257080438,4.25325575,4.244885638,4.237650024,4.201195559,4.143501766,4.098456577,4.06074633,4.017891666,3.966782985,3.907200669,3.837323713,3.763771868,3.693578729,3.626726708,3.579252424,3.558679248,3.555474241,3.57155339,3.610660396,3.67057141,3.743809084,3.822542551,3.840006991,3.831754227,3.848567199,3.867302807,
Suriname,SUR,Population ages 65 and above (% of total population),SP.POP.65UP.TO.ZS,4.995869929,5.326981695,5.454330919,5.363359077,5.229249888,5.026867146,4.81767255,4.625173997,4.452421775,4.304241828,4.186410571,4.103390384,4.079640172,4.105641499,4.146932824,4.195490452,4.245033982,4.294193341,4.343620741,4.39338245,4.290353431,4.047451316,3.830648909,3.641490603,3.484753142,3.362387976,3.27313741,3.209413709,3.165998304,3.139381281,3.122965872,3.114119317,3.112266951,3.118740342,3.134773602,3.23459546,3.429915913,3.659381678,3.918186379,4.199037729,4.49445392,4.796021864,5.099370357,5.422040641,5.591888279,5.610302082,5.652508491,5.703029664,5.749792227,5.795503047,5.847182242,5.899758839,5.945349811,5.985905592,6.040342526,6.126263052,6.249521486,6.408651992,6.586768416,6.771239154,6.983561606,7.164393361,7.355607834,7.621492608,
Slovak Republic,SVK,Population ages 65 and above (% of total population),SP.POP.65UP.TO.ZS,6.886083014,7.076649889,7.265728471,7.455961108,7.686179883,7.954082974,8.216740168,8.475815716,8.727588415,8.948400436,9.138042158,9.295101896,9.469456223,9.671291702,9.878417574,10.05400634,10.18040165,10.29670638,10.4063315,10.50855624,10.4626993,10.20225791,9.859322629,9.490930356,9.337632546,9.40311378,9.532472273,9.735299315,9.94849299,10.1285893,10.26041582,10.37317068,10.47912384,10.58622587,10.70709838,10.83855875,10.97186657,11.103482,11.20085302,11.26761401,11.32878463,11.38657261,11.45047941,11.52375211,11.61364451,11.72585575,11.85348251,11.9862771,12.12213037,12.28560061,12.44782172,12.62548724,12.90978083,13.28428848,13.69500338,14.14878536,14.66242905,15.20005563,15.72691555,16.25918897,16.7640891,17.16488825,17.5706372,18.05083658,
Slovenia,SVN,Population ages 65 and above (% of total population),SP.POP.65UP.TO.ZS,7.603605815,7.69990229,7.829066654,7.979032879,8.167925285,8.433028366,8.734339448,9.000483899,9.202233877,9.372337207,9.559700459,9.778195036,10.00708623,10.23380122,10.47183108,10.69702982,10.87479155,11.03204145,11.17631727,11.27959188,11.23346027,11.01667848,10.72998866,10.40005886,10.16515186,10.10620037,10.07595801,10.10927704,10.27937316,10.48899288,10.70254008,10.94121478,11.21973326,11.53615575,11.85545466,12.21400386,12.60317507,12.96935216,13.33012132,13.63561569,13.90712577,14.20422591,14.49438295,14.76446557,15.04214853,15.33058392,15.60158333,15.85263317,16.11944286,16.31512551,16.36806886,16.49559938,16.79045799,17.1479957,17.54694968,18.01842475,18.51205483,19.00099883,19.4617683,19.85166836,20.12138871,20.4309073,20.88127143,21.33234296,
Sweden,SWE,Population ages 65 and above (% of total population),SP.POP.65UP.TO.ZS,11.74946438,11.94300105,12.13209999,12.32150897,12.50169197,12.66725139,12.84919114,13.06942072,13.2928714,13.47856363,13.67029723,13.91914426,14.21226419,14.52414749,14.83500863,15.11150067,15.35314318,15.59954557,15.85579524,16.09203704,16.28941256,16.46381125,16.65201834,16.83793849,16.99976963,17.23560517,17.5090432,17.68222483,17.76322145,17.78988265,17.77889816,17.73864771,17.6822902,17.60470478,17.51153449,17.46000194,17.44989651,17.43571664,17.39583781,17.3284751,17.26413507,17.21575201,17.17642031,17.16497007,17.21243008,17.27653543,17.32808971,17.43583448,17.64638987,17.93924231,18.2772883,18.63613856,18.97755199,19.27442186,19.52106927,19.69826159,19.77383486,19.80183362,19.86253716,19.95066214,20.0599854,20.19678323,20.34190182,20.53642356,
Eswatini,SWZ,Population ages 65 and above (% of total population),SP.POP.65UP.TO.ZS,2.902816669,2.910712668,2.917544702,2.922038409,2.921917152,2.917966552,2.91311195,2.915797233,2.92678097,2.939229938,2.951732203,2.96304469,2.972492821,2.979408732,2.983544208,2.985487691,2.984445761,2.977615372,2.965911624,2.952361317,2.937762772,2.921976594,2.903699824,2.87932293,2.852526321,2.813312452,2.761891411,2.709899903,2.636853305,2.56266412,2.503242386,2.444093441,2.389666913,2.354840354,2.382588774,2.406965547,2.381694443,2.366647295,2.365855034,2.373295226,2.386708066,2.409176601,2.443598821,2.492593981,2.554282522,2.625573262,2.698776138,2.760049693,2.812197344,2.872904081,2.954617011,3.050677941,3.144154072,3.228701139,3.314840548,3.39635767,3.475053447,3.575867439,3.686407093,3.795659537,3.874851758,3.922903613,4.015041227,4.146871287,
Sint Maarten (Dutch part),SXM,Population ages 65 and above (% of total population),SP.POP.65UP.TO.ZS,8.307238902,7.779087388,6.939338235,6.15234375,5.646908859,5.253940455,4.77058319,4.397988364,4.081447141,3.782784129,3.624883068,3.585946574,3.631190299,3.682182783,3.715042685,3.705943806,3.664247851,3.676009455,3.759568782,3.825812505,3.875906527,3.834009923,3.669599151,3.489741524,3.34294111,3.219117723,3.105515874,3.010942854,2.925297149,2.869807788,2.840240904,2.795759764,2.75599905,2.761861642,2.805714823,2.857862269,2.898963526,2.924833219,2.925335813,2.934482592,2.968463126,3.010479724,3.097495195,3.23363233,3.360681603,3.509319192,3.751329849,4.039279669,4.340021119,4.649010182,5.023006702,5.486327954,5.98615176,6.505550287,7.040890064,7.644476469,8.358388455,9.093123742,9.832040693,10.64269707,11.48204597,12.31988646,12.97625687,13.44709818,
Seychelles,SYC,Population ages 65 and above (% of total population),SP.POP.65UP.TO.ZS,6.051353227,5.894555471,5.835164104,5.795984807,5.766864658,5.754091568,5.761745407,5.787733754,5.837003344,5.9069544,5.985954435,6.022284072,6.001160154,5.995660415,6.022815725,6.074243476,6.148096202,6.231280419,6.308233248,6.373184153,6.429924314,6.486978992,6.546884354,6.601813926,6.659380745,6.734935014,6.834172991,6.937445243,6.986518581,6.975758197,6.958355298,6.953011702,6.962058796,6.988051146,7.036492949,7.103314539,7.200628787,7.313827283,7.377744743,7.401762963,7.420965458,7.429777024,7.418731146,7.383895949,7.343274101,7.314655076,7.295873768,7.275768575,7.256814068,7.246763789,7.218519337,7.145139347,7.069306732,7.031368612,7.030753575,7.057759292,7.091539869,7.14110997,7.227920723,7.36545956,7.577873656,7.891858929,8.147543269,8.330956112,
Syrian Arab Republic,SYR,Population ages 65 and above (% of total population),SP.POP.65UP.TO.ZS,5.041018509,4.860277786,4.691309731,4.528568524,4.371145858,4.218688797,4.071217809,3.928907094,3.792344927,3.661488911,3.535657803,3.412311192,3.298201361,3.200413976,3.126876157,3.096726402,3.080940586,3.044626037,2.991349685,2.936644628,2.899545501,2.873251291,2.841375685,2.817242472,2.812090991,2.819685325,2.835748777,2.856143641,2.880961588,2.912121297,2.951072236,2.994806723,3.038701151,3.081100748,3.121110076,3.159545649,3.19712784,3.233339555,3.267436824,3.296062194,3.317906095,3.338521098,3.363752858,3.393543362,3.417387189,3.431196862,3.415337025,3.370919218,3.370528241,3.405014508,3.431976997,3.47450212,3.563912409,3.754057309,3.989454987,4.169850341,4.292430691,4.396697514,4.466617751,4.494686279,4.547596042,4.618467856,4.666563308,4.686836912,
Turks and Caicos Islands,TCA,Population ages 65 and above (% of total population),SP.POP.65UP.TO.ZS,5.321903741,5.22992084,5.2169284,5.162032938,5.152452497,5.160834217,5.147253914,5.205479452,5.215700141,5.280849182,5.444277773,5.491831769,5.545224007,5.640857213,5.643232903,5.608850379,5.570570571,5.470571096,5.406931602,5.420202573,5.361274542,5.216236722,5.080455614,4.990513425,4.924512764,4.820669012,4.79303928,4.878637263,4.932485732,4.909318324,4.821390374,4.636515096,4.337098577,4.041033156,3.893749782,3.870046175,3.866036599,3.895158355,3.927378359,3.978506598,4.007047705,3.994585345,4.061271059,4.222759176,4.443034652,4.689942678,4.981391924,5.327471022,5.689545165,6.039141613,6.417498907,6.846916942,7.229121922,7.550589843,7.868758916,8.251604972,8.678063422,9.08362042,9.472189805,9.814550972,10.07761544,10.33076575,10.60581275,10.89874021,
Chad,TCD,Population ages 65 and above (% of total population),SP.POP.65UP.TO.ZS,3.980294032,3.975534284,3.980336932,3.99004352,3.997153119,3.997145415,3.992570556,3.984779875,3.973653462,3.960914937,3.947446073,3.930944538,3.909790581,3.885676252,3.86128579,3.83834937,3.818023514,3.800465271,3.784111316,3.764451598,3.774693677,3.790622323,3.74358207,3.686065638,3.669795781,3.662562128,3.634317127,3.593773359,3.548668787,3.501254213,3.455495081,3.398211299,3.331095891,3.275912161,3.22248266,3.154781788,3.084320768,3.018904183,2.954738979,2.890241107,2.826525744,2.76469868,2.704895712,2.644945374,2.58253095,2.51816611,2.45418545,2.393070966,2.336041277,2.283042944,2.233363046,2.18697817,2.142423305,2.100904461,2.07314233,2.059392443,2.051598267,2.04749366,2.046655376,2.04845629,2.047733371,2.047279003,2.055510782,2.07477443,
East Asia & Pacific (IDA & IBRD countries),TEA,Population ages 65 and above (% of total population),SP.POP.65UP.TO.ZS,3.717499181,3.655933393,3.617960722,3.574811988,3.531973848,3.508938429,3.50876616,3.527465835,3.553563596,3.580728189,3.610284848,3.644063201,3.679256192,3.721423455,3.778225464,3.840909618,3.899907691,3.962049078,4.040232719,4.13060096,4.216590543,4.293051812,4.361922488,4.426717299,4.495070628,4.571403833,4.648804483,4.719808348,4.79502432,4.884957403,4.977908698,5.068540593,5.171806769,5.294997668,5.426092431,5.564176111,5.706371475,5.853277518,6.020701026,6.196554989,6.365696236,6.52849004,6.68510666,6.83369669,6.966479198,7.09391553,7.226331659,7.350532015,7.460840078,7.571120486,7.696828302,7.848049498,8.024445217,8.229981421,8.470165066,8.77009118,9.109085675,9.489102084,9.90614101,10.33550129,10.79106883,11.22158462,11.67052518,12.10711078,
Europe & Central Asia (IDA & IBRD countries),TEC,Population ages 65 and above (% of total population),SP.POP.65UP.TO.ZS,6.039277837,6.129524061,6.19871646,6.286686031,6.400057921,6.557896969,6.7304486,6.882547617,7.062955103,7.244155392,7.397428717,7.555171817,7.731860937,7.901552775,8.079865722,8.266764201,8.447733768,8.638864321,8.811860288,8.965023254,9.031452046,8.927689466,8.745164819,8.593684756,8.50039742,8.42870692,8.382875795,8.389318347,8.456517374,8.591355726,8.773964748,8.987618224,9.251905359,9.53382225,9.791097292,10.00753443,10.18272273,10.34026218,10.44129167,10.4829672,10.56363433,10.72221319,10.9480715,11.20172852,11.43642064,11.61124225,11.71951121,11.73437436,11.57950389,11.36560713,11.18912622,11.12113789,11.19147789,11.30662365,11.49172548,11.74399054,11.99624416,12.27192599,12.55777198,12.87947876,13.20462752,13.43652255,13.68132884,14.0267377,
Togo,TGO,Population ages 65 and above (% of total population),SP.POP.65UP.TO.ZS,3.546090813,3.471011331,3.399387002,3.331593083,3.268391721,3.210617708,3.158096922,3.110993091,3.06976335,3.034256061,3.004289742,2.979237059,2.958497389,2.942298292,2.930653619,2.922913942,2.918800946,2.919025891,2.922983692,2.928196309,2.933896768,2.940267188,2.946364768,2.95204721,2.957225331,2.961240641,2.96366749,2.964107944,2.962576749,2.958545979,2.951276658,2.940644415,2.926953477,2.910335194,2.891185157,2.872859361,2.855624681,2.83895552,2.822145019,2.805689054,2.790242832,2.77685034,2.766145106,2.757743306,2.75086948,2.745040705,2.739329244,2.734406814,2.732095091,2.733305499,2.738403794,2.751083862,2.771184565,2.794072069,2.816331804,2.844883704,2.880983379,2.918430294,2.957949711,2.999030612,3.036689591,3.072593717,3.115414156,3.163755614,
Thailand,THA,Population ages 65 and above (% of total population),SP.POP.65UP.TO.ZS,2.816626792,2.807949857,2.807716993,2.812367746,2.817221956,2.82153843,2.827067858,2.835108487,2.847745834,2.867352178,2.894041532,2.926521305,2.963303604,3.002586553,3.04262709,3.082285934,3.122359565,3.163151915,3.204454966,3.245738659,3.286512143,3.328036562,3.371857591,3.419073447,3.470923438,3.528869993,3.59300868,3.663698074,3.74354382,3.836196007,3.94871937,4.080849595,4.23275134,4.405186134,4.593005108,4.792595955,5.005178232,5.243948602,5.519559993,5.822646378,6.117826019,6.390121849,6.657225347,6.927014809,7.202519579,7.475033919,7.719640311,7.930763931,8.130202278,8.340551853,8.577607016,8.846524409,9.152377773,9.502381158,9.894223165,10.32397274,10.78147839,11.26599625,11.78333018,12.32875352,12.89798529,13.49202979,14.09678417,14.71825608,
Tajikistan,TJK,Population ages 65 and above (% of total population),SP.POP.65UP.TO.ZS,4.281717308,4.254482929,4.24396343,4.248208202,4.264678163,4.289393734,4.311159001,4.319308742,4.317322525,4.306195628,4.284217505,4.250558878,4.202047481,4.143854215,4.085232705,4.026730795,3.97026787,3.918836986,3.863956239,3.807668444,3.745342444,3.663925382,3.567362613,3.465429766,3.374500505,3.367836807,3.428336853,3.477818346,3.52207048,3.538013531,3.521118151,3.510806765,3.52936595,3.572851218,3.619427992,3.654020549,3.671419664,3.673660944,3.660410754,3.634303368,3.618441858,3.618477577,3.620131394,3.623860961,3.625820102,3.614659049,3.580851842,3.516057976,3.418584398,3.301734393,3.185376693,3.086589402,3.01205353,2.966395303,2.949409131,2.955214349,2.984914441,3.035616765,3.102462327,3.186260056,3.260066443,3.339811939,3.472876549,3.650056351,
Turkmenistan,TKM,Population ages 65 and above (% of total population),SP.POP.65UP.TO.ZS,4.946099882,4.802523062,4.671956854,4.560675996,4.475786789,4.416817965,4.38418004,4.377840918,4.386316536,4.39408347,4.395987276,4.38871529,4.369805705,4.346815655,4.329576865,4.317578644,4.311865271,4.314909382,4.312122086,4.280023772,4.213363237,4.116367471,3.989589884,3.8485148,3.715806783,3.619131258,3.559194022,3.524616242,3.524928973,3.535479368,3.551583513,3.595275648,3.660986159,3.737134702,3.815554933,3.886186867,3.940469799,3.97472289,3.9895758,3.99831262,4.012469131,4.042084442,4.088445979,4.140400264,4.184169196,4.20538781,4.19122942,4.130903886,4.024945421,3.894073511,3.768639174,3.669429852,3.602244314,3.566523626,3.556476299,3.565616167,3.590896662,3.6272981,3.671957309,3.728756165,3.797724345,3.886630137,4.044677646,4.272383039,
Latin America & the Caribbean (IDA & IBRD countries),TLA,Population ages 65 and above (% of total population),SP.POP.65UP.TO.ZS,3.175833095,3.187835258,3.208267301,3.234359259,3.262239507,3.29284537,3.326711477,3.361893959,3.396717931,3.429958457,3.462245293,3.497424625,3.536603166,3.575340679,3.614936605,3.658799665,3.705395315,3.752568033,3.79834627,3.840550811,3.876437206,3.915876575,3.960979851,4.004782239,4.050067359,4.100089276,4.159064217,4.227434627,4.302289641,4.382784161,4.460041028,4.534197112,4.612326426,4.695310876,4.784019539,4.87515328,4.96844541,5.064494761,5.159435063,5.253749129,5.350812213,5.45438814,5.565570583,5.681624923,5.802851253,5.929536011,6.061073442,6.192246301,6.322295289,6.457909857,6.600429569,6.751796828,6.916259548,7.094251587,7.288228534,7.495348686,7.706733069,7.927122961,8.162956064,8.411141797,8.637190464,8.829567459,9.052874869,9.334331489,
Timor-Leste,TLS,Population ages 65 and above (% of total population),SP.POP.65UP.TO.ZS,2.537071276,2.494784779,2.473830896,2.47246027,2.48566905,2.506831389,2.539383668,2.583734793,2.629922735,2.666486306,2.690710661,2.704423798,2.70680891,2.704362753,2.701639144,2.672788795,2.625491776,2.582583311,2.534847493,2.493976224,2.482721584,2.4929863,2.504972734,2.512444546,2.507509716,2.487996383,2.451055947,2.39722524,2.329952535,2.252380156,2.181379625,2.158740193,2.175604703,2.194996205,2.215944952,2.236834451,2.258143871,2.281111379,2.305230441,2.328509627,2.369652981,2.421794302,2.477368984,2.537852658,2.60452881,2.755268448,3.00128917,3.287129225,3.626639882,4.030102514,4.426745412,4.698626158,4.870449429,5.01460695,5.138829016,5.260795191,5.389919414,5.494594165,5.549472985,5.560152643,5.535636383,5.481178412,5.405261319,5.334157826,
Middle East & North Africa (IDA & IBRD countries),TMN,Population ages 65 and above (% of total population),SP.POP.65UP.TO.ZS,3.704504526,3.703383261,3.712288283,3.718095657,3.721826937,3.723912972,3.716989686,3.702233413,3.687916488,3.672814005,3.65663496,3.640554803,3.624939422,3.608037025,3.588582609,3.568520408,3.54791348,3.522576418,3.49194083,3.460046764,3.430353803,3.397103521,3.36612669,3.34560998,3.33223834,3.325762994,3.328339108,3.340063345,3.357541992,3.378407074,3.398044589,3.422082315,3.462332939,3.518973054,3.581236797,3.645296222,3.714432262,3.78531269,3.84961614,3.906080059,3.957201158,4.004801447,4.058540791,4.106123353,4.137008448,4.160553939,4.181092186,4.206066671,4.237615938,4.272919904,4.314757752,4.369589685,4.437131285,4.514481791,4.605605371,4.71472654,4.837049116,4.96959669,5.10936775,5.253835292,5.371862214,5.463926584,5.586983658,5.742099543,
Tonga,TON,Population ages 65 and above (% of total population),SP.POP.65UP.TO.ZS,3.111682031,3.091700104,3.082642265,3.082701537,3.08885535,3.097814276,3.114643761,3.126037575,3.130819581,3.14232456,3.157526821,3.174187389,3.188676221,3.203103446,3.207860305,3.204235762,3.211119853,3.24424916,3.306431287,3.374357345,3.446371312,3.532379722,3.629840936,3.736300741,3.859086943,3.991998653,4.116926844,4.214972224,4.285685417,4.355502349,4.439340217,4.536740894,4.64595466,4.765591441,4.885889424,5.003766544,5.125878206,5.229280794,5.297004069,5.351508143,5.401378101,5.448815696,5.496108247,5.548801501,5.611919559,5.665698252,5.699603776,5.72634597,5.742384601,5.739138546,5.769579933,5.854819442,5.935724622,5.985384418,5.997148458,6.008294453,6.028960237,6.068501407,6.146362719,6.23547949,6.335173386,6.421966167,6.50073304,6.602452257,
South Asia (IDA & IBRD),TSA,Population ages 65 and above (% of total population),SP.POP.65UP.TO.ZS,3.193891996,3.222563663,3.265472906,3.314632461,3.358585766,3.392425873,3.418158561,3.43721586,3.456683369,3.483388486,3.512953902,3.53961707,3.571970626,3.6123881,3.650036294,3.684314535,3.716389663,3.744346209,3.769753163,3.792104969,3.810241987,3.826458208,3.840588984,3.852147441,3.861747068,3.86985532,3.877321638,3.885107258,3.893956179,3.904309391,3.917238625,3.932846073,3.950689593,3.971069063,3.995236032,4.022664122,4.052555693,4.08542971,4.121200795,4.159874781,4.201062937,4.244693107,4.292389348,4.34290279,4.391451615,4.438168287,4.485074104,4.534016084,4.587040469,4.644302965,4.708135062,4.781343313,4.863278274,4.949394182,5.060560341,5.200799459,5.353042642,5.515328468,5.687030866,5.86555902,6.029375262,6.140626481,6.277193582,6.471745398,
Sub-Saharan Africa (IDA & IBRD countries),TSS,Population ages 65 and above (% of total population),SP.POP.65UP.TO.ZS,3.127449099,3.120774112,3.118417171,3.116095953,3.113374853,3.110047775,3.106196986,3.102045324,3.098845379,3.096331835,3.092546619,3.086169878,3.079737274,3.075126652,3.071643973,3.069144062,3.067358049,3.068463511,3.072828627,3.078376222,3.078213398,3.074203392,3.074207964,3.075868431,3.077117792,3.07703441,3.075229914,3.076857587,3.075551139,3.067294001,3.05827052,3.050629749,3.044913256,3.035117395,3.02750713,3.023024627,3.019082528,3.016002704,3.009874504,3.004114607,2.999620875,2.9953388,2.99131753,2.987050218,2.981896201,2.976310652,2.970204181,2.9639815,2.958094881,2.952827994,2.950493738,2.951815707,2.956651844,2.96262803,2.968038451,2.975827339,2.987148831,3.003659829,3.027868639,3.056703288,3.080261103,3.097999675,3.122162167,3.155377821,
Trinidad and Tobago,TTO,Population ages 65 and above (% of total population),SP.POP.65UP.TO.ZS,3.004993825,3.044047716,3.14362337,3.257900691,3.388362946,3.534803565,3.695211714,3.864262279,4.033721153,4.198404007,4.27501373,4.270111761,4.268460304,4.268126281,4.271395773,4.279763201,4.295184189,4.315808049,4.336459266,4.355478475,4.372343422,4.387064946,4.400323366,4.411634821,4.422355472,4.432796809,4.440188858,4.446944381,4.456906262,4.472698322,4.495257779,4.523355186,4.553645256,4.585399149,4.619039284,4.656687793,4.699954456,4.746536033,4.798223511,4.854346039,4.908982557,4.96327232,5.026274192,5.102152483,5.192176188,5.299273058,5.427438621,5.580841621,5.763019697,5.976552076,6.222677034,6.50398607,6.823043591,7.180567344,7.576040641,8.007271259,8.463555983,8.931607831,9.344935137,9.845955334,10.44416243,10.91551319,11.35811605,11.85395884,
Tunisia,TUN,Population ages 65 and above (% of total population),SP.POP.65UP.TO.ZS,3.890726838,3.882685949,3.870867848,3.858379162,3.843229742,3.821799738,3.781914142,3.728421281,3.675517022,3.626353404,3.584628473,3.551399915,3.526452143,3.50971657,3.502434792,3.504167136,3.517620661,3.543030578,3.578983071,3.620350538,3.659837471,3.69764694,3.73538651,3.778608693,3.817358743,3.853275812,3.904305638,3.97271523,4.047995593,4.117314756,4.185886519,4.262207406,4.347676361,4.440313799,4.542549893,4.661957743,4.803338171,4.961916226,5.131571873,5.311494808,5.488049563,5.644966616,5.784692407,5.915620229,6.039028688,6.150057932,6.242310135,6.317480315,6.382180546,6.441508597,6.50045328,6.561410717,6.627247296,6.701973246,6.807769147,6.969102803,7.161669554,7.371135235,7.625986097,7.945743696,8.281775341,8.557887012,8.83897617,9.166274536,
Turkiye,TUR,Population ages 65 and above (% of total population),SP.POP.65UP.TO.ZS,4.158966542,4.214787489,4.266475225,4.328215842,4.398686907,4.471461316,4.519100979,4.54502597,4.572852214,4.601835532,4.63363032,4.666629316,4.699192336,4.731890663,4.763679127,4.789623027,4.778776231,4.74076958,4.711915641,4.694112197,4.6709983,4.642464878,4.619448809,4.602139675,4.59477308,4.59676981,4.608361673,4.629242254,4.658264512,4.694930616,4.740556553,4.795107691,4.855717011,4.919375387,4.985569346,5.079703026,5.20724532,5.348040377,5.498420688,5.654052177,5.812204991,5.972726024,6.13523624,6.299272526,6.464490923,6.629919809,6.793857171,6.953658306,7.060320562,7.121535672,7.195025182,7.267605264,7.34083797,7.433121338,7.525186339,7.618432127,7.759650875,7.946429949,8.171894634,8.522632271,8.963864417,9.384959859,9.719520406,10.00102767,
Tuvalu,TUV,Population ages 65 and above (% of total population),SP.POP.65UP.TO.ZS,4.027864607,4.027974504,4.009123607,3.990610329,4.007301808,4.059137433,4.15091021,4.210526316,4.267804748,4.297638075,4.335158043,4.432717678,4.514712341,4.585056763,4.560288561,4.455162266,4.317276915,4.188168424,4.125044916,4.078791675,4.079554711,4.125697582,4.221308801,4.371549621,4.549481144,4.728764059,4.891998783,5.023294708,5.17727166,5.350649351,5.512616504,5.661962366,5.770081877,5.879129911,6.016834103,6.131795894,6.203168486,6.233710973,6.195111628,6.097304128,5.977577536,5.815469671,5.658612627,5.600536331,5.674409128,5.749786207,5.758042862,5.740522491,5.663210929,5.54413803,5.42208404,5.334199174,5.322602771,5.372483069,5.412418063,5.418224938,5.402808912,5.409881314,5.492767778,5.618561573,5.726236838,5.758571639,5.884707766,6.275788294,
Tanzania,TZA,Population ages 65 and above (% of total population),SP.POP.65UP.TO.ZS,2.402685918,2.415977171,2.429375625,2.44290769,2.456562495,2.470867586,2.485233726,2.498678495,2.512716853,2.530855201,2.554455926,2.58273112,2.615297547,2.65222075,2.691633203,2.731928686,2.773429505,2.81532003,2.855645511,2.892127802,2.927841317,2.963900874,2.99670999,3.014296955,3.023531933,3.023339244,3.012497249,2.995206671,2.979218167,2.972751147,2.966623416,2.961159781,2.954489356,2.927536906,2.88043355,2.852607782,2.859213808,2.857869265,2.838388341,2.81748555,2.79254271,2.773428057,2.760325358,2.748910037,2.738689527,2.730587833,2.72752118,2.731741281,2.745950222,2.774381247,2.808591331,2.843108835,2.881141543,2.913606538,2.935735107,2.947662713,2.955566505,2.966454213,2.982650017,3.002340976,3.018990559,3.027789313,3.03504981,3.043199998,
Uganda,UGA,Population ages 65 and above (% of total population),SP.POP.65UP.TO.ZS,2.072785756,2.102861197,2.139830166,2.181717822,2.227112923,2.275108715,2.324823524,2.37577657,2.427602446,2.480080221,2.532997901,2.581801483,2.6280577,2.680318448,2.733402271,2.785951503,2.840376631,2.892443964,2.938309011,2.978965999,3.017669598,3.051960056,3.07794333,3.095121416,3.104538692,3.110562688,3.112862718,3.108171719,3.097963187,3.081737152,3.059912558,3.032765958,3.000018845,2.961891212,2.919152166,2.874639786,2.826656622,2.774278174,2.717573097,2.656348837,2.592123383,2.525845374,2.457759351,2.388501967,2.319067382,2.250654421,2.184284655,2.120670322,2.060616311,2.007575176,1.963892434,1.929931975,1.908086473,1.901670208,1.913432329,1.935084008,1.958594353,1.983617004,2.009239272,2.036402051,2.06185945,2.085775653,2.115204982,2.150582794,
Ukraine,UKR,Population ages 65 and above (% of total population),SP.POP.65UP.TO.ZS,7.297931564,7.439587261,7.531841785,7.640191715,7.780270434,8.02752808,8.274769778,8.453841866,8.722852806,8.999880706,9.199838968,9.415696782,9.696930727,9.960410647,10.24789729,10.55429823,10.87383143,11.24848568,11.59983392,11.82639517,11.87701821,11.74891396,11.54831147,11.43630769,11.41264484,11.36670271,11.35480406,11.4472574,11.6255815,11.83496879,12.03675292,12.24761139,12.4703503,12.71283772,13.08339304,13.29923027,13.38580892,13.55679339,13.56210993,13.42043697,13.41414151,13.65438274,14.10513356,14.62955522,15.06874086,15.33407112,15.50106148,15.62700331,15.44140178,15.16016275,14.89951487,14.62111821,14.60923679,14.62164069,14.76324464,15.15449658,15.52922176,15.95686653,16.34794334,16.71629989,17.09632502,17.38806767,17.85693874,18.55753459,
Upper middle income,UMC,Population ages 65 and above (% of total population),SP.POP.65UP.TO.ZS,3.870726028,3.829668263,3.805508063,3.778973918,3.755283421,3.751889118,3.764973232,3.788692088,3.821864657,3.856253744,3.889130215,3.92647058,3.968996895,4.016208781,4.074999575,4.139195418,4.200417969,4.264627878,4.338390001,4.421080568,4.491296433,4.539534577,4.580540483,4.623853584,4.674915777,4.733665812,4.796225054,4.859442925,4.931464368,5.018520684,5.109250883,5.199025485,5.304874089,5.429362093,5.564065701,5.701847559,5.839171038,5.981074743,6.132580114,6.285531421,6.437812002,6.593824205,6.753736038,6.909791716,7.050495379,7.182952631,7.318103603,7.446497194,7.553560376,7.655576365,7.771205229,7.90952014,8.076011084,8.268264621,8.492051501,8.766375762,9.074007011,9.416904968,9.786593726,10.16920655,10.56575039,10.9318298,11.31210328,11.69753896,
Uruguay,URY,Population ages 65 and above (% of total population),SP.POP.65UP.TO.ZS,8.18646163,8.214318682,8.249901911,8.294508733,8.352993699,8.425651567,8.512137206,8.615103813,8.731466496,8.855149481,8.983317188,9.112986386,9.239735906,9.366654759,9.50376041,9.651449003,9.812244446,9.995234513,10.18940669,10.36396439,10.51563152,10.65238931,10.76386695,10.84257331,10.90807024,10.98806544,11.09456815,11.2167249,11.34334639,11.48267261,11.63916218,11.80811205,11.9776036,12.14087621,12.29194661,12.43920563,12.59071136,12.72626728,12.83983059,12.94760274,13.06281461,13.19409948,13.32635836,13.44529082,13.55322903,13.66875537,13.78699206,13.89222502,13.99090449,14.08962775,14.1874838,14.27616636,14.36447971,14.45090584,14.53000289,14.60984312,14.69751128,14.80892004,14.95588202,15.12662393,15.32584302,15.48398009,15.61340559,15.81281791,
United States,USA,Population ages 65 and above (% of total population),SP.POP.65UP.TO.ZS,8.831421883,8.932249714,9.010404365,9.073600131,9.142232963,9.257824743,9.369243921,9.44857741,9.531324727,9.616053519,9.718546822,9.811039827,9.897827419,10.00540677,10.1276349,10.27129594,10.42374599,10.5816792,10.74674647,10.91651538,11.07628186,11.20728756,11.33051898,11.45946835,11.59192964,11.7199545,11.85302898,11.99018025,12.10906348,12.21787156,12.30507981,12.35193328,12.38674013,12.40644049,12.40744065,12.40535968,12.388266,12.35424984,12.30148798,12.24086868,12.18581699,12.14102043,12.11326809,12.10311097,12.11099892,12.13072814,12.18400009,12.31010795,12.48666081,12.67109304,12.84476166,13.06633047,13.37660804,13.70119272,14.0089266,14.31022471,14.61472851,14.93912339,15.29148662,15.67288525,16.07191194,16.47377002,16.91962039,17.43181948,
Uzbekistan,UZB,Population ages 65 and above (% of total population),SP.POP.65UP.TO.ZS,5.688473621,5.685095444,5.698532069,5.724922713,5.750417128,5.764129083,5.773928707,5.78104038,5.772072637,5.730925227,5.656103914,5.547842278,5.401289592,5.231669715,5.062426894,4.900106416,4.743256835,4.597447473,4.462344416,4.324154566,4.17587165,4.018286212,3.85572301,3.700370712,3.568985536,3.473366392,3.40907491,3.373088425,3.372550031,3.414155039,3.492130645,3.602577123,3.744068474,3.900387735,4.046094582,4.172188535,4.280180769,4.36946735,4.449113979,4.533529231,4.62465397,4.720337445,4.819452709,4.9108447,4.973702762,4.999953618,4.997993655,4.971079932,4.92288271,4.862053145,4.798862758,4.741866668,4.697789136,4.672409376,4.67172949,4.728788301,4.831185459,4.943364737,5.06720769,5.198110245,5.308654653,5.410006055,5.544956832,5.695040997,
St. Vincent and the Grenadines,VCT,Population ages 65 and above (% of total population),SP.POP.65UP.TO.ZS,3.927121908,3.898357391,3.901485625,3.936242919,3.989437267,4.057123061,4.143332808,4.238434775,4.342213605,4.455151302,4.570463924,4.683499876,4.793434912,4.904220771,5.016247056,5.126659826,5.236841195,5.350542652,5.462444478,5.578453495,5.666732237,5.70172308,5.720096066,5.743742863,5.773677417,5.812581793,5.874736346,5.950427498,6.043846807,6.166448731,6.298518943,6.406080831,6.474593144,6.530358806,6.579139637,6.627744974,6.687205509,6.756643289,6.84131472,6.929767302,7.025848782,7.133857851,7.242393898,7.358042805,7.481311124,7.616752409,7.764654418,7.910321299,8.05739067,8.236507764,8.468649536,8.74177515,8.964873477,9.131598781,9.320686288,9.526458489,9.738266172,9.970850724,10.23530869,10.54076627,10.77748585,10.96692953,11.24345883,11.56307829,
"Venezuela, RB",VEN,Population ages 65 and above (% of total population),SP.POP.65UP.TO.ZS,2.257947048,2.273627261,2.293131124,2.31637274,2.343322124,2.373901683,2.408977607,2.44953607,2.493154962,2.535859598,2.57889371,2.623045542,2.668102301,2.71369596,2.759086993,2.8061443,2.85621335,2.91015186,2.968987182,3.029997131,3.088951904,3.150083791,3.21588845,3.284761902,3.35308267,3.419827948,3.490775941,3.566753573,3.644442546,3.722220576,3.79999304,3.879308222,3.960596504,4.045080669,4.130859535,4.216639943,4.303663123,4.393058604,4.483407116,4.570551291,4.659577633,4.742328754,4.827816416,4.920892096,5.014115344,5.114978164,5.222706701,5.340038033,5.464786173,5.597289964,5.738323688,5.885672612,6.038984495,6.194840647,6.3591954,6.535954831,6.735644303,7.003542757,7.391068356,7.847087946,8.265059747,8.631562146,8.982038486,9.333568167,
British Virgin Islands,VGB,Population ages 65 and above (% of total population),SP.POP.65UP.TO.ZS,5.213508584,5.084323853,4.975216853,4.936217415,4.884617739,4.777764321,4.742660169,4.689758862,4.594444444,4.4529529,4.389409041,4.472511144,4.519028775,4.596093562,4.731275014,4.907599472,5.112522178,5.34746979,5.590005053,5.795713634,5.925692978,5.884915276,5.754550793,5.642912001,5.522620905,5.399804055,5.311281921,5.294304132,5.306720256,5.289855072,5.243719953,5.189349478,5.113448037,5.053121045,5.032747329,4.96370414,4.858775599,4.763935912,4.683439027,4.622285294,4.582170294,4.546547413,4.563802235,4.655838435,4.772622976,4.903866469,5.040215572,5.194062802,5.373174072,5.606686874,5.891492475,6.142459073,6.337123085,6.535556011,6.725926825,6.870063048,7.178700041,7.61644087,7.835357936,8.050666996,8.325142388,8.575887013,8.857224875,9.202257278,
Virgin Islands (U.S.),VIR,Population ages 65 and above (% of total population),SP.POP.65UP.TO.ZS,6.244227421,5.438433099,5.080255775,4.740932017,4.415798747,4.166580552,4.005563551,3.877288994,3.788756506,3.747295043,3.658985381,3.60477102,3.634227231,3.678733211,3.749661099,3.833024658,3.938624894,4.073109698,4.232931289,4.437561221,4.605586766,4.697825242,4.799197093,4.918247089,5.035665973,5.167735631,5.314345773,5.467083468,5.638714234,5.828133584,6.030838404,6.232520782,6.43085277,6.638482416,6.851075246,7.068738256,7.308957749,7.572140961,7.856339119,8.164637404,8.492933684,8.850915223,9.247123389,9.673661829,10.13543903,10.60902455,11.10702652,11.67268183,12.30319746,12.94644948,13.69190394,14.47663689,15.17430823,15.87233114,16.55008113,17.27075488,18.06426212,18.87665256,19.72123963,20.6081289,21.19170187,21.45936278,21.8115297,22.24361443,
Viet Nam,VNM,Population ages 65 and above (% of total population),SP.POP.65UP.TO.ZS,4.822323346,4.883643984,4.936220782,4.969379219,5.010968656,5.065662269,5.132039228,5.212416259,5.276358703,5.313111411,5.333289355,5.327678679,5.287068759,5.236802084,5.20192905,5.193051303,5.212023954,5.239862488,5.269024038,5.308261953,5.339264775,5.347275647,5.344426668,5.333909109,5.325799671,5.328414128,5.346723008,5.380685684,5.419960329,5.452639332,5.47480803,5.488330217,5.494702542,5.502123806,5.524227849,5.566239195,5.630306278,5.713977894,5.807338268,5.90014987,5.984222298,6.055389501,6.11113887,6.152453647,6.180196121,6.19913131,6.191027417,6.154707937,6.099309032,6.05455059,6.046892504,6.054830546,6.091399671,6.166056758,6.282360397,6.450789799,6.608763086,6.767739639,6.981619537,7.25022977,7.56724482,7.885703475,8.230047746,8.621165986,
Vanuatu,VUT,Population ages 65 and above (% of total population),SP.POP.65UP.TO.ZS,3.794757182,3.638448943,3.486692043,3.343144451,3.204813104,3.072319537,2.958630099,2.866175455,2.926310352,3.081588672,3.166930384,3.189795356,3.158515541,3.092362881,2.999706969,2.89622364,2.796732712,2.714363428,2.657257441,3.86012093,4.94853472,4.746360419,4.569320571,4.414587332,4.275087819,4.153257822,4.045408486,3.945709142,3.858108564,3.784116959,3.68493035,3.558782161,3.440686081,3.331180274,3.227534772,3.130955052,3.043095403,2.963189903,2.890703426,2.824255142,2.793092156,2.796928247,2.804256036,2.819981469,2.846712135,2.881951034,2.925110051,2.973661852,3.028700374,3.102945252,3.206119686,3.319663126,3.42730635,3.535809998,3.641645484,3.737490652,3.825070336,3.88715544,3.937481267,4.006205809,4.059613496,4.096204742,4.14986272,4.218208943,
World,WLD,Population ages 65 and above (% of total population),SP.POP.65UP.TO.ZS,4.969966662,4.989589663,5.010519663,5.024380642,5.043004153,5.077744888,5.117175808,5.158139506,5.199980379,5.239290094,5.279935244,5.32205915,5.368124076,5.417441209,5.472206691,5.530916127,5.587226673,5.646245242,5.708815322,5.769082407,5.807372078,5.812597136,5.802044777,5.791264747,5.79599179,5.823610281,5.862700965,5.905567479,5.954870643,6.012619778,6.072995253,6.137900417,6.210512185,6.289385802,6.373538022,6.454218819,6.528807444,6.605814155,6.682530763,6.757212756,6.83543181,6.91991644,7.00840702,7.09535029,7.177969203,7.25855434,7.337754344,7.407752206,7.464540422,7.518502446,7.578233835,7.660842471,7.782403223,7.920845051,8.077824423,8.257877124,8.448340541,8.654437359,8.875283632,9.103807021,9.33229332,9.527387093,9.738727561,9.978765307,
Samoa,WSM,Population ages 65 and above (% of total population),SP.POP.65UP.TO.ZS,2.80379232,2.803127381,2.784652161,2.761078808,2.75314568,2.76804307,2.804162566,2.828862773,2.841115861,2.858217647,2.878907126,2.89783373,2.915496271,2.935515575,2.938135534,2.929361436,2.933866281,2.940476861,2.943764524,2.950900189,2.961554261,2.979574838,3.028519257,3.101119282,3.172438188,3.242762146,3.31465752,3.390472441,3.481520202,3.596357129,3.724824969,3.852557744,3.966406486,4.05910074,4.139559998,4.213197533,4.267596595,4.319995044,4.37831357,4.433492072,4.462668905,4.477905288,4.52781196,4.599309713,4.674668521,4.748406902,4.810904112,4.847869968,4.864102847,4.869891679,4.881555259,4.901829873,4.898268685,4.881511687,4.873848338,4.873328642,4.878893754,4.946096795,5.056315095,5.170905641,5.298333522,5.420785016,5.556291098,5.705635018,
Kosovo,XKX,Population ages 65 and above (% of total population),SP.POP.65UP.TO.ZS,4.239446695,4.152919506,4.087803613,4.050953316,4.034231903,4.028726048,4.034404359,4.042420982,4.077019753,4.132330729,4.187810861,4.234260171,4.26739532,4.302849511,4.332844505,4.353517171,4.362212994,4.35550172,4.334708767,4.297766298,4.252444826,4.211857955,4.171009921,4.124745419,4.077058637,4.026127793,3.979102567,3.945437336,3.978555511,4.066275197,4.144159206,4.191986285,4.239179594,4.325328255,4.437916339,4.55983085,4.679969393,4.800835941,5.10973254,5.598086265,5.92756974,6.126123552,6.302180641,6.453312849,6.574133634,6.664267061,6.724005607,6.758611683,6.78037913,6.795300447,6.791223443,6.838252651,6.946680158,7.074336041,7.265805242,7.537520657,7.794065435,7.991741506,8.230447786,8.539824118,8.721452401,8.890143275,9.239201931,9.64385639,
"Yemen, Rep.",YEM,Population ages 65 and above (% of total population),SP.POP.65UP.TO.ZS,3.681479341,3.641539375,3.60243927,3.559587419,3.516870148,3.476575731,3.43623851,3.396338555,3.357861309,3.323933539,3.295460802,3.270144577,3.24705507,3.225252126,3.203741524,3.182091124,3.160191185,3.138263564,3.116566625,3.093901754,3.070004451,3.045855993,3.021045832,2.995810667,2.971176846,2.947181529,2.922715035,2.898957567,2.877118205,2.856974176,2.838223149,2.819662831,2.801708984,2.785298737,2.771041096,2.759823174,2.753916858,2.752130176,2.751573003,2.751415965,2.751083544,2.752165236,2.755707368,2.760379559,2.763658614,2.764730803,2.763707769,2.760754379,2.757134599,2.753710714,2.751739369,2.753778859,2.75664246,2.750064204,2.730339983,2.696581341,2.657470598,2.623955335,2.595353606,2.572114205,2.546604334,2.518881782,2.504076387,2.507523394,
South Africa,ZAF,Population ages 65 and above (% of total population),SP.POP.65UP.TO.ZS,3.393021174,3.377802329,3.372051217,3.377183094,3.391479336,3.413484267,3.441086965,3.472847422,3.507608117,3.543578446,3.579111637,3.611301699,3.639224047,3.664218997,3.687152345,3.709085771,3.730519843,3.750419633,3.768742594,3.786241413,3.804346086,3.826797738,3.856011221,3.891105872,3.934208658,3.96818335,3.983974523,3.991603429,3.990335558,3.976754098,3.952991522,3.947145524,3.988092738,3.990118843,4.048296411,4.189754985,4.335143319,4.483431719,4.588389112,4.672828688,4.746521123,4.816917421,4.884043256,4.951812923,5.023029491,5.095608899,5.154886637,5.201154115,5.235732215,5.248445558,5.247369945,5.241522323,5.250222672,5.287842728,5.331154978,5.369611431,5.473534887,5.628055665,5.776609235,5.945220191,6.109488991,6.234625549,6.361626563,6.515093676,
Zambia,ZMB,Population ages 65 and above (% of total population),SP.POP.65UP.TO.ZS,2.851782763,2.859850222,2.87448345,2.892821,2.909519707,2.924714792,2.940121367,2.954227179,2.966775445,2.980272644,3.000854868,3.025846447,3.048853016,3.06964574,3.088206567,3.103944501,3.117601287,3.130054534,3.141020175,3.148953572,3.150633492,3.143296271,3.124936778,3.099902939,3.07316757,3.044365593,3.01277977,2.980657691,2.949100581,2.915999492,2.880286827,2.842081524,2.801124662,2.757382115,2.710496837,2.660076156,2.60600976,2.547985358,2.487806763,2.425933046,2.362279946,2.297096745,2.235205109,2.177024007,2.120257558,2.063770249,2.008322153,1.95607503,1.908684555,1.867633251,1.833362763,1.80622104,1.783938705,1.761406928,1.742390761,1.737770364,1.743441086,1.752863366,1.767250567,1.787009118,1.808276181,1.826962206,1.856089172,1.898852367,
Zimbabwe,ZWE,Population ages 65 and above (% of total population),SP.POP.65UP.TO.ZS,3.387105306,3.38055794,3.369338793,3.354530006,3.337461029,3.318531893,3.298432056,3.277747205,3.255493052,3.230203034,3.210316957,3.200283401,3.194411492,3.190307887,3.186798094,3.190857726,3.20426492,3.244826644,3.355161361,3.495111324,3.439903097,3.315723683,3.272906188,3.231229065,3.19565493,3.158897285,3.121392322,3.089623038,3.072723855,3.068968218,3.071972501,3.076854174,3.1123503,3.224652202,3.370077214,3.467735061,3.511645238,3.518791292,3.495761753,3.461831979,3.437202401,3.407265755,3.35978374,3.303926953,3.256165182,3.222619518,3.186940631,3.155253592,3.135244331,3.117253,3.102100299,3.090756861,3.089003406,3.094579892,3.138106214,3.22149164,3.305779322,3.387457281,3.465101355,3.534241449,3.581673817,3.597973946,3.608227005,3.618321759,
